1	Take the boat to Azuremyst Isle, it's the middle pier
2	Go upstairs to the right at the first intersection in the cave
3	Travel north to Bloodmyst Isle
4	This is for your resurection spell, grind a bit
5	Kill Bristlelimb mobs in this area to make him appear
6	Click Princess Stillpines Cage
7	Use the Draenei Banner on Lord Xiz' corpse
8	Click the Blood Mushroom
9	Either from a Stinkhorn Striker or a Aquatic Stinkhorn doodad
10	Use the Crystal Mining Pick at the Impact Site Crystal
11	Use Murloc Tagger on Scouts
12	Travel along the coast where Murlocs are, Cruelfin patrols between the camps.
13	Hearth to Blood Watch
14	Click the Fel Cone Fungus
15	Retrieve the Nazzivus Monument Glyph
16	Patrols up and down the camp, or stays infront of the monument.
17	Click the Ruinous Polyspore
18	Don't do The Bear Necessities, drop rate is terrible.
19	Don't go to Exodar to train just yet.
20	Use the Crystal Mining Pick at the Altered Bloodmyst Crystal
21	Fly to the Exodar
22	Fly to Blood Watch
23	Click Corrupted Crystals
24	Mine the big red crystal close to Zevrax
25	Click Clopper's Equipment
26	He Patrols around the middle.
27	Check the mailbox
28	Read the letter
29	Kill some Royal Blue Flutterers if you travel past them.
30	Click Galaen's Journal
31	Kill while traveling northwest at 31.3,42.7
32	Rescue Expedition Researchers from the Webs
33	Talk to the Captured Sunhawk Agent
34	Look for a partner to fight Matis the Cruel with
35	Travel on the road looking for Matis the Cruel
36	Summon aid with the Flare gun while in combat
37	WARNING: ESCORT
38	Pick up Dragon Bones lying on the ground
39	Destroy the Statue of Queen Azshara
40	All over the island
41	Click Ysera's Tear
42	Click the Ever-burning Pyre to summon Razormaw
43	Buy 5 flask of oil from the Auction Hous
44	Make/find a group for Deadmines and get teleported
45	Have the group share quests with you.
46	Click the Unsent Letter
47	Leave by the backdoor
48	You need to be at least 12745/19300 xp at lvl 19 at this point, not including the Lighthouse quests
49	Ask if you can buy Flask of oils from someone in your group, otherwise farm some Golems outside Deadmines
50	Travel east to Elwynn Forest
51	Travel north to Stormwind City
52	Head back to Stormwind City
53	Also sold by <Engineering Supplies> vendors near Engineering trainers.
54	Don't wait around for respawns, skip to the next step if there are no Murlocs around.
55	Skip this step if there's no Boars around, keep killing them as you met them in your travels.
56	Don't wait around for respawns, skip to the next step if no Gnolls around.
57	Skip this step if there's no Spiders around, keep killing them as you met them in your travels.
58	Skip this step if there's no Condors around, keep killing them as you met them in your travels.
59	Finish collecting items for Redridge Gulash at this point before you return to Lakeshire
60	You can find more Gnolls at 22.75,37.49
61	Travel north along the river towards Sven.
62	Head to Westfall
63	Enter the Deeprun Tram
64	Ride the tram to Ironforge
65	Go southwest to Dun Morogh
66	You need to be at least lvl 22 with 21700 xp gained before entering Menethil Harbor, grind long the way.
67	Kill crocolisks while traveling.
68	Head left when you enter the cave
69	WARNING: ESCORT!
70	IMPORTANT NOTE: Pull the mobs AHEAD of him before he reaches them! Even though he's tough, he charges into fights and can quickly get many adds. Outside, when he says that he's taking a rest, quickly take the opportunity to single pull continuously from the two big camps. If you do not, then he'll walk into the two big camps and pull every mob and you'll be doomed. If you do fail, you can go back in the cave and get the quest again. SUPER WARNING: SERVER WILL DESPAWN THE ESCORTEE IF YOU TRAVEL TO FAR AWAY FROM HIM, MAKE SURE HE'S ALWAYS IN YOUR VIEW DISTANCE.
71	If you got the Glowing Shadowhide Pendant; accept, otherwise skip this step.
72	The Jar is at the top of the stone tower next to the keep.
73	Group quest, consider abandoning
74	Travel Hard Right as you leave Northshire Valley towards Stormwind City
75	This quest might require cooking
76	Save 4 Chunk of Boar Meat for 'Pie for Billy' later.
77	Buy a Bronze Tube from the engineering supplies vendor in Tinker Town if you don't have one. You will need it later in Duskwood.
78	Exit Tram to Stormwind
79	If he doesn't offer the quest, learn Cooking from him.
80	WARNING: On Felmyst casters are fucked, especially on lower levels; casters at every level regen mana at 17 per tick. Depending on your class Bloodfeather Matriarchs will be impossible to kill. Skip the next step if you're having trouble.
81	He's a rare spawn with 2 hour respawn timer, don't stick around if he's not there.
82	Hearth to Darnassus
83	Go into the big pink portal to Darnassus
84	You can continue this guide which travels to Westfall, or skip to the guide Bloodmyst Isle.
85	Grind to at least 765 / 1400 (55%) at level 3, to ding level 4 by completing quests and get your earth totem.
86	This one is important to get your earth totem, go out and grind a bit.
87	If you want to level through Bloodmyst Isle, swap to the Bloodmyst Isle chapter now.
88	Go into the Fargodeep Mine to 38.3,81.6
89	Click Dead-tooth's Strongbox
90	If Westfall Deed drops from Defias Mobs, otherwise skip. Don't farm for it; 1% dropchance.
91	If Gold Pickup Schedule drops from Gnolls, otherwise skip. Don't farm for it; 1% dropchance.
92	Remember to train while you're in Goldshire.
93	Only if Gold Pickup Schedule dropped from Gnolls.
94	Only if Westfall Deed dropped from Defias Mobs earlier.
95	Save 'Boar Intestines' for 'Thelsamar Blood Sausages' later.
96	There's a step later to kill more Harvest Watchers, if there is competition here.
97	Save 'Murloc Fins' for 'Murloc Poachers' later.
98	Click Sack of Oats
99	Kill spiders, boars and bears while traveling.
100	Hopefully someone else is around to help out with this one, otherwise abandon this quest.
101	Hearth to Stormwind City
102	Fly to Westfall
103	Hearth or fly to Stormwind City
104	Ride the boat to Auberdine, this part is just to reach 20, skip to the next guide whenever you do.
105	Enter the hole in the ship here
106	There are two escorts coming soon, team up with someone if you meet them on the way.
107	The Absent Minded Prospector is particularly rough to solo, make sure you share the quest you have before turning it in.
108	Skip to the next step.
109	Click the Book: The Powers Below
110	This one is hard to solo, unless you're comfortable with killing 3 mobs at once. Feel free to skip it.
111	Remember to share the prequest before turning in.
112	Click the small chest next to Kerlonian Evershade
113	WARNING: EVENT
114	When Kerlonian falls asleep, use the Horn of Awakening on him.
115	If you didn't finish the Absent Minded Prospector, skip the rest of this guide. Fly to Auberdine
116	Train your riding skill outside the Exodar
117	Train your riding skill in the Cenarion Enclave
118	Hearth to Stormwind
119	Train your riding skill at Steelgrill's Depot
120	Train your riding skill at Amberstill Ranch
121	Train your riding skill at the Eastvale Logging Camp
122	Buy a Bronze Tube from the Auction House, last call!
123	Don't wait for respawns, skip to the next step if there are no Murlocs around.
124	Go south to Duskwood
125	He's tough to solo, team up with someone if they are nearby.
126	You need to be at least lvl 22 with 21700 xp gained before entering Menethil Harbor, grind along the way if needed.
127	2nd Floor. In the middle room as you go up the stairs.
128	Important, go outside and grind a bit if you're close.
129	Click the Fossil inside the cave
130	Go north to Elwynn Forest
131	If you didn't get the Glowing Shadowhide Pendant skip this step.
132	TODO: make this 2 steps
133	Fen Creepers are stealthed in the marsh, look up their positions on a database.
134	Jump down into the waters below and dive to find a Waterlogged Letter at the bottom, it's tiny and doesn't have any exclamation mark so look carefully
135	Click the Waterlogged Envelope
136	The path up starts here
137	If you found the Old History Book from Duskwood accept this quest now, otherwise skip.
138	Click the Old History Book
139	Click Defias Strongbox
140	It's inside the house.
141	Kill Mor'Ladim now to get the most out of this questline
142	Go to the broken edge of the north-west part of the bridge and face south
143	Mount up and jump down to the beam below, you need to jump at the very edge to make it
144	If you didn't get the Old History Book from Duskwood, skip this step.
145	Travel south to Ashenvale
146	Random 2% drop from the demons, don't stick around for this if you don't get it.
147	Travel south to the Barrens
148	Take the boat to Theramore
149	Travel west to the Barrens
150	Click the Damaged Chest
151	As you enter the cave, take the right fork at the cross.
152	Save 'Turtle Meat' for 'Soothing Turtle Bisque' later.
153	Buy both these items together from the Auction House:
154	Learn Cooking to unlock an additional quest in Southshore.
155	Click the Tome of the Cabal
156	It's at the waterline next to some murloc huts.
157	Enter the cave and get Granite
158	Click Alterac Granite
159	Buy the following items from the Auction House
160	If you wait around you can get a new questline when Private Thorsen starts patroling.
161	I prefer this camp, less risk of horde interference
162	Buy 8 Liferoot from herbalists.
163	The path up to the cave starts here
164	Be prepared to meet horde.
165	Mine more and sell on the Auction House, kthx.
166	The courier spawns at the house to the south of Go'Shek farm, and will start travelling west along the road. Ask around if anyone has seen it.
167	Head into the cave at the marker, focus on getting the Shadow Hunter Knife first.
168	You're gonna need some help with fighting Cyclonian, try looking for people
169	Use the cauldron
170	Warning: Event
171	Marez is either behind the last house on the lower tier or behind the last house on the upper tier.
172	The path down to the cove starts here
173	Enter the ship here, head down the stairs
174	Leave the ship the same way you entered
175	Enter the ship here, enter through the hole in the deck
176	It's one floor down, head up for air then go down to the ship bottom, there is a hole in the bottom right next to the item you need.
177	Equip the Goggles of Gem Hunting
178	Click the Calcified Elven Gem
179	Go into the hut to 62.6,35.3
180	Use your Tome of the Cabal while standing on the pink Summoning Circle
181	Turn in the Missing Diplomat, Archmage Tervosh is supposed to teleport to meet you at Sentry Point, but this might not be scripted. Travel back to Theramore and turn it in at the central tower.
182	You can skip this step, keep killing Turtles as you find them, you will run up and down the coast in the following steps, a reminder will be given later.
183	Tervosh and Jaina are supposed to teleport in like last time, if it doesn't happen, turn this in when you get the quest "Jaina Must Know", which is very soon.
184	Avoid the horde camp
185	Put on the Repaired Diving Gear
186	Use Salvage Kit on Shipwreck Debris
187	Last chance to finish this quest.
188	Hearth (if ready) or Fly to Theramore
189	Get a flight tour of the Alcaz island from Cassa Crimsonwing
190	The Potion of Fortitude from this quest is highly sought after by by the users of Zygor Guide. This guide does not visit that particular quest so you can sell it on the AH.
191	Travel your own way to Southshore, this is a good time to drop by a capitol city to train.
192	Be on the lookout for Shadowy Assassins that ambush Southshore periodically, skip to the next step and return here later.
193	Click the Assassin's Contract
194	If you fought the Shadowy Assassins, otherwise skip.
195	Collecting Tomes is only for those who found the Old History book in Duskwood.
196	Click the Weathered Bookcase
197	This is a Recipe needed for a quest very soon. Make extra and put them on the auction house, kthx!
198	Start here and kill 1 Argus Shadow Mage every camp moving northwest
199	If you fought the Shadowy Assassins in Southshore, otherwise skip.
200	APPROACH THE HOUSE CAREFULLY, THERE ARE A LOT OF STEALTHED ASSASSINS HERE
201	Loot the chest inside the house, next to Nagaz
202	Click the Ensorcelled Parchment
203	Fly to Refuge Pointe
204	He travels around the entire zone, look up his path on a database and ask around. Good luck!
205	He's at the top of the tower in the middle of the Mage Quarter.
206	Buy the following items from the Auction House in this order:
207	If you cannot buy some of these, ask people to make them for you in General and Trade chat.  Offer to pay well and you will usually get someone to do it for you. Gyro can be bought from Engineering Supply vendors.
208	For "Coolant Heads Prevail".
209	For "Gyro... What?", requires "Coolant Heads Prevail".
210	Both together for "Liquid Stone", requires "Gyro... What?".
211	For "Stone Is Better than Cloth".
212	For "Pearl Diving".
213	Kill Coyotes on the way north
214	Buy the following items from the Auction House, double check in Booty when you get there if not enough in Stormwind City.
215	They are little blue bottles that can spawn anywhere along this beach close to the water. This is mostly a reminder to look out for them, skip to next step.
216	Kill Bloodsail pirates anywhere in this corner of the world
217	Click The Emperor's Tomb
218	Click the Fall of Gurubashi
219	Click Gri'lek the Wanderer
220	Use Caitlyn's Blade at the Altar of the Tides and then kill Gazban
221	Click the Moon Over the Vale
222	Look for Mystics and Witch Doctors further in the camp
223	Last chance to buy the missing pages, don't forget them in your bank now.
224	This is your last visit to this camp, turn in all remaining pages.
225	Kill Noboru the Cudgel and get the quest from his Cudgel that drops.
226	Find the Cudgel in your bags and use it from there, Zygor thinks "use" means equip in this case.
227	Go to the top of the stairs.
228	Swim underwater and Click the Atal'ai Artifacts there.
229	Go south to the Blasted Lands
230	Clear out the Tauren near the cage before starting this quest.
231	Continue to next step once there are no more spawns around.
232	It's faster to swim across than the boat ride.
233	You can either go back to the boat, or swim straight across where the strait narrows, have faith!
234	If you have the OOX-22/FE Distress Beacon, now is a good time. There will be another chance later if you don't.
235	Click the OOX-22/FE Distress Beacon
236	Click the Hippogryph Egg
237	You're going to Rut'theran, fly directly if you can and skip some steps.
238	Look up this quest and the following questline on a database to get a cute little sprite darter as pet. The rest of this chain is not included in this guide.
239	Fly to Stormwind and train your skills
240	You can skip this step and continue collecting feathers as you travel.
241	Last call to collect all Wildkin feathers, don't head further east before you're done.
242	If you have the OOX-09/HL distress beacon, now is the time to do this escort, otherwise skip this part
243	Click the OOX-09/HL Distress Beacon
244	Click the Pristine Yeti Hide
245	If you have the OOX-22/FE Distress Beacon and didn't do it earlier, do it now, otherwise skip.
246	Don't attack the swarmers, unless you have some reflect ability.
247	Equip the Gahz'ridian Detector
248	You can find more at 47.4,65.8
249	If you have the OOX-17/TN distress beacon, now is the time to do this escort, otherwise skip this part
250	Click the OOX-17/TN Distress Beacon
251	You don't need to finish off 20 golems at this point, just get the oils.
252	Go up the road here
253	If you have Grimesilt Outhouse Key, use it here
254	Focus on Pathfinders first.
255	Talk to Aranthandris about Cenarion Beacon
256	Fly to Forest Song
257	Ask to be teleported
258	Click the Soft Dirt Mound
259	Use the Scroll of Myzrael at the Shards of Myzrael
260	Equip the trinket you receive.
261	Fly, or hearth if ready, to Stormwind City
262	Power Crystals are not essential, but if you find cheap ones it can save you some time searching for them later.
263	It has 4% chance to drop from Ravasaurs and Ravasaur Runners on most privat servers, be patient.
264	This is ofc fucking bullshit since this was never the case on retail, it's just that wowhead drop rates are WAAAAYYY off as most people get it from raptors; being the first mobs they meet, then keep killing everything else while not eligible for the drop which wowhead can't differentiate between.
265	Reading wowhead comments clearly prove that the drop rate should be almost 100%
266	If you're waiting on respawns, kill some Tar mobs south of the cave, or search for Power Crystals.
267	Bones can also be found on the ground.
268	You need 25 Un'Goro Soil before leaving Un'Goro Crater.
269	If you're unlucky, you can skip this step and the next.
270	If you find it further in, come back here.
271	It will appear in your keychain, not bags
272	Click the Blood Red Key
273	Go back into the hold if you must.
274	Don't worry about Den Watchers, there's more later.
275	You can find more furbolgs at 39.4,43.8
276	He patrols around the same area, kill him if you find him. Get lucky, look up his path on a database or abandon.
277	Click Frostmaul Shards in the canyon, or try fighting a giant.
278	Use the meat at the stone slab
279	If you found the Deadwood and/or Winterfall Ritual Totem
280	Click the Deadwood Ritual Totem
281	Click the Winterfall Ritual Totem
282	Go south to Talonbranch Glade and fly to Emerald Sanctuary
283	Deliver this quest in Felwood at your own leisure.
284	Click the Burning Blade Missive
285	It's behind the inn.
286	Grind for this here.
287	Take the appropriate capitol portal and train your skills
288	Click Zepplin Debris
289	Talk to Anchorite Barada in the next room.
290	Start looking for an Overlord Group
291	You're gonna need a group for this
292	Fly to the Temple of Telhamat
293	Click the Crimson Crystal Shard
294	Save all Bog Lord Tendrils for 'Natural Enemies' later. Withered Bog Lords do NOT drop the Basidium.
295	Save all Bog Lord Tendrils for 'Natural Enemies' later.
296	You'll come back here again later for Glowcaps.
297	Kill Steam Pump Overseers, keep using the seed to spawn them.
298	You need to be Neutral with Sporeggar, if you're not; come back here after doing 'A Question of Gluttony'.
299	Hearth to Orebor Harborage
300	You need to be Friendly with Sporeggar, which most likely means 2 turnins of Fertile spores, 750 rep each time, 6 Fertile Spores each time.
301	Go northeast out to Terokkar Forest
302	Kill Basilisks
303	Don't fight Ironspine Chompers, they don't drop eyes.
304	Go southeast out to Terokkar Forest
305	Be quick about it before the central plaza starts respawning.
306	Fly to Shattrath City, drop by your capitol, train and hearth back.
307	Use the Fumper on cooldown
308	Pick up Restless bones while waiting around
309	Travel clockwise around Auchindun, see destination of next step. You can skip to the next step if there are no mobs around and come back here later.
310	Click the Massive Treasure Chest
311	Kill webs as you see them
312	Go train and Hearth back.
313	Go west to Nagrand
314	Hearth to Telaar
315	Jump up to the nest and click the Mysterious Egg
316	Hearth if it's ready.
317	Place a beer in front of the fire
318	Inside this big building.
319	Droggam will run up for the beer
320	Mugdorg will run up for the beer
321	Gorr'dim will run up for the beer
322	Pick up Fizzcrank Spare Parts on the way too, but those are not the focus right now.
323	Get a flight to Bixie
324	Kill Beryl Reclaimers for a Gnomish Grenades
325	Pick up Tuskarr Ritual Objects on the way.
326	Return to Librarian Donathan at 45.3,33.3
327	Travel up to Naxxanar and defeat Prince Valanar
328	Click the Stolen Books
329	Kill anything on the road now, there's a grind wall coming before leaving this zone.
330	This one is important, grind mobs here and further south before continuing.
331	Go downstairs into the catacombs to 25.1,77.4
332	Go upstairs to 25.3,78.6
333	Find the Defias Messenger, look up his patrol route in a database or ask around.
334	Start looking for a Deadmines group, preferably doing this part with them.
335	Make/find a group for Deadmines
336	OUTSIDE DEADMINES
337	INSIDE DEADMINES
338	Check the Engineering Supplies vendor in this area for a Bronze Tube, you'll need it later.
339	Important, grind mobs nearby if needed.
340	Click the Glowing Shadowhide Pendant
341	Pick up the Musquash Root.
342	Start looking for a Stockades group
343	Make/Find a Stockade Group
344	WARNING: EVENT!
345	Pick up the Tear of Tilloa
346	Start looking for a Gnomeregan group
347	Make a Gnomeregan group
348	Use the Matrix Punchograph 3005-A
349	Enter Gnomeregan
350	If you found the Grime-Encrusted Ring; accept this quest now, otherwise skip.
351	Click the Grime-Encrusted Ring
352	Head back to the clean zone and use one of the Sparklematic 5200
353	Random 2% drop from the demons, stick around until you get it.
354	Go southwest to Thousand Needles, start looking for a Razorfen Kraul group
355	Make Razorfen Kraul group
356	Take the Deeprun Tram to Stormwind
357	Wait around for Private Thorsen to start patroling and follow him.
358	Click Bookie Herod's Records
359	Enter the cave at 45.7,8.2
360	Leave the cave at 45.7,8.2
361	Spawning at the Spirit Guide also works...
362	Have Jaina Teleport you to Stormwind
363	You may want to wait until 40 before doing this. You will gain 5,500xp in Stormwind.
364	Have Archmage Malin teleport you back to Jaina
365	Start looking for an Uldaman group
366	Make/Find Uldaman group
367	Click the Ancient Chest
368	Click Krom Stoutarm's Chest
369	Click the Shattered Necklace
370	Enter Uldaman proper now
371	If you found the Shattered Necklace in Uldaman, otherwise skip.
372	Walk through the portal
373	Use the Scroll of Myzrael at the big Shard
374	Start looking for a Zul Farrak group
375	Make/find a Zul'Farrak group
376	Fly to Nijel's Point, start looking for a Maraudon group
377	Make/find group for Maraudon
378	Fill the vial here
379	Enter Maraudon here on the purple side.
380	PURPLE SIDE
381	ORANGE SIDE
382	Use the Filled Cerulean Vial on the Vylestem Vines
383	Use the gems to form the Amulet of Union
384	Open the Seal of Earth
385	Find 2 respawns
386	Go through the tunnel to Moonglade
387	At the fork, the tunnel heading north is the tunnel to Moonglade
388	Fly to Gadgetzan, and start looking for a Sunken Temple group
389	Make a Sunken Temple Group
390	SUNKEN TEMPLE LOWER SECTION
391	Solve the puzzle of the statues and fight Atal'Alarion
392	Find the Altar
393	SUNKEN TEMPLE UPPER SECTION
394	Use the Egg of Hakkar at the ritual chamber
395	Use the Essence
396	SUNKEN TEMPLE FINAL SECTION
397	Click the Essence of Eranikus
398	Fly to Felwood
399	Travel to Blackrock Depths
400	Go northwest to the Western Plaguelands
401	From any Skeleton at the farms or in Andorhal.
402	ATTENTION: DO NOT CONTINUE THIS QUESTLINE UNLESS YOU'RE PLANNING ON FOLLOWING THE GOLD RUSH GUIDE.
403	ATTENTION: the following questline costs 15g, but rewards 28250xp without any extra detours, and Scholomance key!
404	ATTENTION: DO NOT TURN IN IF YOU DO NOT HAVE 2 THORIUM BARS
405	Fight and collect slimes as you see them throughout the zone
406	You can find more Pterrordax at 50.5,88.32
407	You can find more Pterrordax at 56.3,88.63
408	Forge the Unfinished Skeleton key
409	They are all over the zone, but mostly on the west side
410	Use your Empty Pure Ooze Jars on their corpses
411	Past Endeavors was made available to Alliance in Patch 2.3.
412	Up the hill, in a camp of furbolgs.
413	Go southeast through the tunnel to Winterspring
414	Travel the north road to Everlook
415	The cave entrance and path down to A Final Blow starts here
416	It's a 15 minute RP escort, consider your patience.
417	Escort Ranshalla on her little quest.
418	When she's channeling inside the caves, click the torches to continue.
419	Go north up the river to 7.6,43.7
420	In the general area in south western Eastern Plaguelands.
421	Search Tirion Fordring's Grave for Taelan's Hammer
422	Click the Scroll on the ground
423	Click Large Termite Mound
424	You can find more Disease Flayers at 65.5,39.7
425	Travel to Rebel Camp, Stranglethorn Vale
426	Step on the Rune of the Defiler
427	Click the Altar of the Defiler
428	Equip Twilight Cultist Cowl, Robe and Mantle, if you're missing some just farm twilight mobs for a while
429	Find a Lesser Wind Stone and use it, kill whatever appears
430	Enter here
431	Fly to Moonglade, start looking for a Stratholme group
432	WARNING: EVERYONE IN GROUP SHOULD DO THIS
433	STRATHOLME ENTRANCE
434	Be careful not to kill Specral Citizen
435	Use Egan's Blaster on Spectral Citizen, and then on Restless Souls that spawn
436	Click the Fras Siabi's Premium Tobacco and kill Fras Siabi
437	Head left towards the Scarlet Bastion
438	Click Malor's Strongbox, only 1 person needs to do this
439	READ THESE FOLLOWING LINES VERY CAREFULLY, DO NOT ENGAGE GRAND CRUSADER DATHROHAN AT THIS POINT
440	Click the Scarlet Archive
441	Click the Unfinished Painting
442	Clear your way to the backdoor, finish all goals of the previous step on the way
443	Kill Magister Barthilas for the key to the city, and give the Medallion of Faith to Aurius
444	Hearth to Light's Hope Chapel
445	STRATHOLME ROUND 2
446	Travel back to the Scarlet Bastion
447	Click the Head of Balnazzar
448	Travel back to Light's Hope Chapel
449	Keep an eye out for Stratholme Supply Crates, don't be greedy on these!
450	Find the Scourge data in one of the Ziggurats
451	Assuming the server has this scripted correctly, Aurius will help you out when fighting Rivendare after you give him the medallion from before. Otherwise do this quest in his little chapel.
452	Travel back to Light's Hope Chapel, hearth if you can
453	Be on the lookout for a Hellfire Ramparts and then Blood Furnace groups, which you should aim to complete.
454	Click Ominous Letter
455	Enter the final room at the bottom.
456	Pick a side between the Aldor or the Scyers
457	Ride the elevator up to the Scryer's Tier
458	Summon the Draenei Tomb Guardian
459	Don't do Skywing just yet.
460	Use the Fumber on Decrepit Clefthoof corpse
461	WARNING: GROUP ESCORT
462	WARNING: Pull and kill all mobs on this platform before Skywing crosses the bridge; Luanga the Imprisoner (elite) will spawn!
463	Go back up the hill and kill Arakkoa
464	Plant 20 Warmaul Ogre Banners
465	Plant 20 Kil'sorrow Banners
466	If you can't pick this up, come back here before going to Netherstorm.
467	Look for purple orbs flying overhead, and lay the Multi-Spectrum Light Trap underneath them
468	TODO: quest description, read the log
469	WARNING: Escort
470	Use the Bloodgem on a Big Red Crystal
471	Talk to Veronia to fly to Manafore Coruu
472	Disguise yourself
473	Fly to the Stormspire
474	Go up to an Inactive Fel Reaver and Destroy it
475	Use the Mental Interference Rod on a Cyber-Rage Forgelord, and use his Detonate Teleporter ability on the teleporters.
476	Start here and run around Manaforge Ultris
477	Attack Seeping Sludge until they break into Globules, kill those.
478	Enter the mine at 61,45.7
479	Burn Withered Corpses on the ground
480	Exit the mine at 61,45.7
481	Attack Void Waste until they break into Globules, kill those.
482	Talk to the Protectorate Nether Drake to start the flight assault.
483	Use the Phase Disruptor when you get close to Manaforge Ultris
484	All along the Celestial Ridge.
485	Enter the mine at 26.4,44
486	Exit the mine at 26.4,44
487	TODO: Write this
488	You can continue this guide which travels to Westfall, or skip to the guide Bloodmyst Isle which ends with you being teleported to a DM group.
489	Follow the road southeast to Loch Modan
490	Go northwest to Ironforge
491	If you want to level through Bloodmyst Isle, swap to the Bloodmyst Isle chapter now. You will end there by being teleported to a Deadmine group.
492	Save these for 'Redridge Goulash' and 'Thelsamar Blood Sausages' later, respectively.
493	Start looking for a group for 'The Vengeful Harbringer'
494	You're gonna need help for this one, do the Ethereals until then.
495	You're gonna need a group for this, combine it with 'Big Bone Worm', 'Evil Draws Near' and 'Skywing' in that order.
496	Use the Water Sample Flask
497	Open Renn's Supplies
498	Go east to Terokkar Forest
