1	They look like mugs of beer on the small tables inside this tent.
2	Face yourself towards the Self-Turning and Oscillating Utility Target behind the tent.
3	The ram runs slow by default.
4	You have to use the Ram Racing Reins to make it run at certain speeds for 8 seconds.
5	To make the ram Trot for 8 seconds, use the Giddyup! ability every 2 seconds or so.
6	To make the ram Canter for 8 seconds, use the Ram Racing Reins a little more often than when you made the ram Trot.
7	To make the ram Gallop, just spam the Ram Racing Reins.
8	Right-click the "Rental Racing Ram" buff on your buff bar.
9	Alternate between Canter and Gallop as needed to keep your fatigue below 100 between buckets.
10	Ride over buckets of apples to refresh your Ram's fatigue level.
11	If you lose your ram, return to Neill Ramstein to acquire another.
12	Right-click the "Ramstein's Swift Work Ram" buff on your buff bar.
13	This quest is not always available.
14	Use it on Wild Wolpertingers.
15	They look like small rabbits with antlers and wings running around on the ground around this area.
16	Remove the Synthebrew Goggles and re-equip your helm.
17	Go to this spot before you equip the goggles.
18	Use it on Elwynn Pink Elekks around this area.
19	They look like pink elephants with four horns around this area.
20	Use it on Teldrassil Pink Elekks around this area.
21	Go to this spot at the entrance to The Exodar before you equip the goggles.
22	Use it on Azuremyst Pink Elekks around this area.
23	Coren Direbrew is level 72 elite.
24	This quest is elite and will require a group.
25	After defeating the Dark Iron ambush, interact with the Mole Machine Consoles at the beginning of the dungeon.
26	Inside the Grim Guzzler in the Blackrock Depths dungeon.
27	Form a group and travel to the Blackrock Depths dungeon.
28	Someone with the daily quest "Insult Coren Direbrew" can talk to him to make him hostile.
29	This quest is available in the Grim Guzzler in Blackrock Depths.
30	You will only be able to accept one of these quests per day.
31	Keep a Trot pace most of the time and only Canter occasionally.
32	Your ram will become exhausted if you go too fast.
33	Ride around the outer ring of Ironforge.
34	This even occurs every 30 minutes.
35	You have to defend the three kegs at these locations in order to complete it.
36	Use it to throw it at the Dark Iron Dwarves and the Mole Machines around this area.
37	It looks like a big metal gear laying on ground in the middle of the festival.
38	It appears after the Dark Iron dwarves attack the Brewfest festival, so you may have to wait for it to appear.
39	These are earned by doing Brewfest Dailies.
40	Click the line above to load the guide.
41	This brew will be in your mailbox for the month of September.
42	This brew will be in your mailbox for the month of October.
43	This brew will be in your mailbox for the month of November.
44	This brew will be in your mailbox for the month of December.
45	This brew will be in your mailbox for the month of January.
46	This brew will be in your mailbox for the month of February.
47	This brew will be in your mailbox for the month of March.
48	This brew will be in your mailbox for the month of April.
49	This brew will be in your mailbox for the month of May.
50	This brew will be in your mailbox for the month of June.
51	This brew will be in your mailbox for the month of July.
52	This brew will be in your mailbox for the month of August.
53	This achievment requires you to drink a new brew every month for a year.
54	Inside the dungeon to the right of the entrance, a Mole Machine console will take you to the bar.
55	The Brewfewst Spy is located in the bar.
56	Coren Direbrew is located in the bar.
57	He will attack you after turnin this quest in.
58	Purchase one of these from the vendor.
59	It will require 50 Brewfest Coins.
60	It will require 200 Brewfest Coins.
61	It will require 100 Brewfest Coins.
62	Use them all until you are "Completely Smashed."
63	Use them until you are "Completely Smashed" before jumping.
64	You must fall at least 65 yards and not die to receive this achievement.
65	From this point, run off the edge and miss the platform below, landing on the ground.
66	You must do this while "Completely Smashed" drunk.
67	Paladin "Divine Shield" and Mage "Ice Block" allow you to earn this without risk of fall damage.
68	You must be level 20 to complete this achievement.
69	Mount up and use the hops to make your mount festive.
70	Inside at the top of the tower.
71	The buff lasts for two hours.
72	You can have your fortune told every four hours.
73	NOTE: You will not be able to receive the written fortune and potential quest without an open inventory slot.
74	Just inside The Deadmines instance before you reach the first Miner.
75	It may take a minute or two to appear.
76	Just inside the Wailing Caverns instance after the Disciple of Naralex.
77	Create them with Leatherworking or purchase them from the Auction House.
78	Each turnin requires 3 Embossed Leather Boots and grants 100 reputation with the Darkmoon Faire.
79	Each of these turnins will award 1 Darkmoon Faire Prize Ticket.
80	You can turn this quest in until you reach 500 Neutral reputation.
81	Each turnin requires 3 Toughened Leather Armors and grants 100 reputation with the Darkmoon Faire.
82	Each of these turnins will award 4 Darkmoon Faire Prize Tickets.
83	You can turn this quest in until you reach 1,100 Neutral reputation.
84	Each turnin requires 3 Barbaric Harnesses and grants 100 reputation with the Darkmoon Faire.
85	Each of these turnins will award 8 Darkmoon Faire Prize Tickets.
86	You can turn this quest in until you reach 1,700 Neutral reputation.
87	Each turnin requires 1 Turtle Scale Leggings and grants 100 reputation with the Darkmoon Faire.
88	Each of these turnins will award 12 Darkmoon Faire Prize Tickets.
89	You can turn this quest in until you reach 2,500 Neutral reputation.
90	From this point on, you can continue turning in Rugged Armor Kits.
91	Each of these turnins will award 20 Darkmoon Faire Prize Tickets.
92	Each turnin requires 8 Rugged Armor Kits and grants 100 reputation with the Darkmoon Faire.
93	Create them with Blacksmithing or purchase them from the Auction House.
94	Each turnin requires 10 Coarse Weightstones and grants 100 reputation with the Darkmoon Faire.
95	Each turnin requires 7 Heavy Grinding Stones and grants 100 reputation with the Darkmoon Faire.
96	Each turnin requires 3 Green Iron Bracers and grants 100 reputation with the Darkmoon Faire.
97	Each turnin requires 1 Big Black Mace and grants 100 reputation with the Darkmoon Faire.
98	From this point on, you can continue turning in Dense Grinding Stones.
99	Each turnin requires 8 Dense Grinding Stones and grants 100 reputation with the Darkmoon Faire.
100	Create them with Engineering or purchase them from the Auction House.
101	They also have a small chance to drop from mobs in the Gnomeregan dungeon.
102	Each turnin requires 5 Copper Modulators and grants 100 reputation with the Darkmoon Faire.
103	Each turnin requires 7 Whirring Bronze Gizmos and grants 100 reputation with the Darkmoon Faire.
104	They can also be purchased from any Holiday Fireworks Vendor on July 4th.
105	Each turnin requires 36 Green Fireworks and grants 100 reputation with the Darkmoon Faire.
106	Each turnin requires 6 Mechanical Repair Kits and grants 100 reputation with the Darkmoon Faire.
107	From this point on, you can continue turning in Thorium Widgets.
108	Each turnin requires 6 Thorium Widgets and grants 100 reputation with the Darkmoon Faire.
109	You can find them all over around Crossroads and to its northern area.
110	Each turnin requires 5 Small Furry Paws and grants 100 reputation with the Darkmoon Faire.
111	You can find them all over between Raynewood Retreat and Splintertree post.
112	You can also find them east of Satyrn.
113	Each turnin requires 5 Torn Bear Pelts and grants 100 reputation with the Darkmoon Faire.
114	You can find the all over central and western Badlands.
115	Each turnin requires 5 Soft Bushy Tails and grants 100 reputation with the Darkmoon Faire.
116	Each turnin requires 5 Vibrant Plumes and grants 100 reputation with the Darkmoon Faire.
117	You can find them all over central and southern Silithus.
118	From this point on, you can continue turning in Glowing Scorpid Blood.
119	Each turnin requires 10 Glowing Scorpid Blood and grants 100 reputation with the Darkmoon Faire.
120	They look like small mugs of ale on tables around the Grim Guzzler tavern in Blackrock Depths.
121	Clicking two of them is safe but clicking more will anger the bar patrons.
122	They can also be purchased from Plugger Spazzring in the Grim Guzzler.
123	They can be purchased from the Auction House if you are lucky enough to find them.
124	Place it at Morja's feet.
125	Be sure you only use one; you will need the other one to turn in the quest.
126	This may take a couple of minutes.
127	This quest will be available after Jubjub appears.
128	It will take seven days for the egg to mature enough to hatch.
129	He's a little Orc boy running fast all over the Darkmoon Faire grounds.
130	You will have to be quick to catch him.
131	Talking to him will stop him for a short period of time.
132	This item costs 1 gold and has a limited quantity of 1.
133	It respawns in approximately 20 minutes.
134	This item costs 1 gold.
135	You must be at least level 10 to be able to accept these quests.
136	Target Innkeeper Allison and type "/flex" into your chat to perform the Flex emote.
137	Target Innkeeper Firebrew and type "/chicken" into your chat to perform the Chicken emote.
138	Target Talvash del Kissel and type "/train" into your chat to perform the Train emote.
139	Target Innkeeper Saelienne and type "/dance" into your chat to perform the Dance emote.
140	You must be at least level 25 to be able to accept this quest.
141	Use it next to a stink bomb placed by a Horde player.
142	They look like small metal objects surrounded by orange smoke on the ground around Southshore.
143	Run around Southshore and look for them, they will most likely be near the outskirts of the town.
144	You will only be able to accept one of these quests.
145	The quest offered depends on whether Goldshire is under attack or not.
146	Click the Water Barrel to pick up a bucket of water.
147	Throw the buckets at the fires on top of buildings around this area.
148	This will only be available after the Headless Horseman is defeated.
149	You must be at least level 65 to be able to kill the Headless Horseman.
150	It's in the courtyard of the Scarlet Monastery Graveyard dungeon.
151	You will need a full group for this.
152	In front of the crypt behind the Pumpkin Shine.
153	He will fly down shortly after disturbing the soil.
154	When he reaches 1% health, his head will fly off.
155	Burn the head down to make it rejoin his body.
156	You will need to do this twice.
157	After the second time, he will start spawning 4 pumpkins every 30 seconds.
158	Group them up and AoE them down.
159	Kill his head the third time it separates to defeat him.
160	It's Inside the building.
161	It's inside the inn back in the corner.
162	It's inside the inn atop the giant mushroom.
163	You must be at least level 30 to be able to accept the quest.
164	While you can accept this quest at level 30, you must go to an area with level 50-52 enemies.
165	If you are not high enough level to kill enemies of that level, try to find someone to help you.
166	You can now use the food at the Harvest Festival table.
167	You must be at least this level to be able to accept the quest.
168	Search the guide menu and use the farming guide to accomplish this.
169	Stand next to the Dwarven Brazier.
170	After you turn in this quest, you can then repeat it to get more gifts to open.
171	He looks like a level 36 elite yeti.
172	He can spawn in random places around the "Growless Cave" area.
173	When he spawns, you will see a red yelled message in your chat.
174	Just wait around nearby in this area until he spawns.
175	These are awarded by talking to elders around Kalimdor and Eastern Kingdoms.
176	Use the "Lunar Festival Optimized Elders Path" event guide to collect them.
177	Upstairs on the outer wall of the building.
178	Inside the entrance to Undercity.
179	On top of the bank.
180	Down in the pit.
181	She is located inside Zul'Farak near the pool that spawns Gaz'Rilla.
182	You will need to run this dungeon with a group.
183	He is located inside Mauradon near the east exit beyond Rotgrip.
184	He is at the top of a path at the end of the tunnel.
185	Take the path on the left after entering Sunken Temple.
186	Go up the spiral staircase and go left again to the large round room.
187	The elder is in the rear of the alcove on the left.
188	He is located in the middle of the Ring of Law in Blackrock Depths.
189	Talking to him will start the event.
190	He is located on the left side after crossing the first rope brige in Hordemar City on the way to Omokk in Lower Blackrock Spire.
191	He is located in Stratholme on the Service Entrance (Scarlet) side.
192	Go left after entering the instance and through the plague rat gate and he will be on the right side.
193	Perfume allows you to give Love Tokens to male NPCs.
194	Cologne allows you to give Love Tokens to female NPCs.
195	Talk to those with a heart above their head.
196	Talk to guards around Stormwind who have hearts over their heads.
197	If you run out of Love Tokens, talk to the nearest Innkeeper to purchase more.
198	Talk to NPCs who aren't guards around Stormwind who have hearts over their heads.
199	Talk to guards around Ironforge who have hearts over their heads.
200	Nearly all Ironforge guards are male, so Perfume works best for this.
201	Talk to NPCs who aren't guards around Ironforge who have hearts over their heads.
202	Talk to guards around Darnassus who have hearts over their heads.
203	Nearly all Darnassus guards are female, so Cologne works best for this.
204	Talk to NPCs who aren't guards around Darnassus who have hearts over their heads.
205	Turning in this quest in a capital city votes for that leader.
206	Throw them at the Torch Target Braziers nearby.
207	You must throw the torches at the correct braziers.
208	Throw the torches at the Torch Target Braziers when they have a floating red arrow point down above them.
209	You will have 40 seconds to complete this before the quest fails.
210	If you fail the quest, accept it again from the Master Fire Eater.
211	As soon as you light the torch, it will fly in the air.
212	There will be a small round shadow on the ground indicating where the torch is flying.
213	Follow that shadow and catch the torch.
214	When you catch the torch, it will be thrown in the air again.
215	Follow the shadow again and catch the torch.
216	Do this until you've caught the torch 4 times in a row without it hitting the ground.
217	Under the tent.
218	Numa can be found inside The Slave Pens dungeon on any difficulty.
219	She is at the beginning of the dungeon as you zone in.
220	Ahune is level 73 elite and will require a group to kill.
221	Luma can be found inside The Slave Pens dungeon on any difficulty.
222	She is near the beginning of the dungeon before Mennu the Betrayer.
223	The Ice Stone can be found inside The Slave Pens dungeon on any difficulty.
224	It is near the beginning of the dungeon before Mennu the Betrayer.
225	Turning in this quest will summon Ahune.
226	Ahune will immediately attack.
227	It spawns after he dies.
228	If you fail, return to the Master Flame Eater to start again.
229	Do this until you've caught the torch 10 times in a row without it hitting the ground.
230	Completing this will flag you for PvP combat for five minutes.
231	It is recommended that you be level capped when attempting to complete this guide step.
232	You will enter the opposing faction's capital city.
233	Be sure to enter the mine as well.
234	You can find more inside the building.
235	It only takes 2 Felcloth to make a Mooncloth, but it requires a rare Tailoring pattern and has a 4 day cooldown.
236	This spell has a 4 day cooldown.
237	You can find more inside the nearby crypt buildings.
238	These are only dropped by Coyote enemies.
239	These are only dropped by Boar enemies.
240	These are only dropped by Vulture enemies.
241	Thunderheads will not drop this item.
242	They spawn all along the coast, so you can move down to get more.
243	You can find more further down the coast.
244	They are found all along the coastline.
245	They are inside of the Small Barnacled Clams.
246	They are underwater along this path.
247	Follow the river north for more schools.
248	You will need level 100 Fishing to catch these.
249	These are only dropped by Dread enemies.
250	You will need level 130 Fishing to catch these.
251	They look like large shells underwater around this area.
252	Elixirs of Water Breathing are very helpful while farming these.
253	You will need level 205 Fishing to catch these.
254	This fish can only be caught during the day; they cannot be caught between midnight and 6 AM server time.
255	Only Plague Ravagers and Blighted Surges will drop this item.
256	Rotting Behemoths and Decaying Horrors can drop Heart of the Wild.
257	The enemies share spawn points, so killing the oozes will spawn more elemental enemies.
258	You can disenchant old gear or buy some off the Auction House.
259	You may sometimes get Small Glimmering Shards instead of Strange Dust.
260	You may sometimes get Strange Dust instead of Lesser Magic Essence.
261	You may sometimes get Strange Dust instead of Greater Magic Essence.
262	You can turn 3 Lesser Magic Essences into a Greater Magic Essence.
263	You may sometimes get Dream Dust instead of Lesser Eternal Essence.
264	You may sometimes get Illusion Dust instead of Greater Eternal Essence.
265	You can turn 3 Lesser Eternal Essences into a Greater Eternal Essence.
266	You may sometimes get Dream Dust instead of Small Brilliant Shards.
267	You may very rarely get Nexus Crystals instead of Large Brilliant Shards.
268	You may sometimes get Greater Eternal Essence instead of Illusion Dust.
269	You will need to join and form a group for this.
270	It will be to the left of the rat gate.
271	All Crimson enemies in The Scarlet Bastion have a chance to drop the orb.
272	Scholomance Necromancers and Scholomance Dark Summoners are the only enemies besides bosses that will drop them.
273	It will be up the ramp past the broken trap.
274	Once up the first ramp, it will be in the far northwest corner of the room.
275	Only one person will be able to loot it.
276	They are found all around the zone.
277	Track them on your minimap with "Find Herbs".
278	You will need level 15 Herbalism to collect Earthroot.
279	You will need level 50 Herbalism to collect these.
280	They are underwater along the path.
281	Bring Water Walking Potions.
282	You will need level 85 Herbalism to collect these.
283	Briarthorn can share a spawn with other herbs in the area, so pick them all.
284	You will need level 70 Herbalism to collect these.
285	You will need level 100 Herbalism to collect these.
286	You will need level 115 Herbalism to collect these.
287	They spawn in this small area.
288	You will need level 120 Herbalism to collect these.
289	You will need level 125 Herbalism to collect these.
290	You will need level 150 Herbalism to collect these.
291	Watch out for horde guards along the main road.
292	You will need level 160 Herbalism to collect these.
293	You will need level 170 Herbalism to collect these.
294	You will need level 195 Herbalism to collect these.
295	They have a 10% chance to be gathered from Purple Lotus around the Altar.
296	You will need level 210 Herbalism to collect these.
297	You will need level 205 Herbalism to collect these.
298	You will need level 220 Herbalism to collect these.
299	You will need level 230 Herbalism to collect these.
300	You will need level 235 Herbalism to collect these.
301	You will need level 245 Herbalism to collect these.
302	They spawn inside of the cave along this path as well as outside of it.
303	You will need level 250 Herbalism to collect these.
304	You will need level 260 Herbalism to collect these.
305	You will need level 280 Herbalism to collect these.
306	You will need level 285 Herbalism to collect these.
307	You will need level 290 Herbalism to collect these.
308	You will need level 300 Herbalism to collect these.
309	These are extremely rare.
310	Pick other herbs on the path to have a chance to spawn them.
311	Track them on your minimap with "Find Minerals".
312	You will need level 65 Mining to collect Tin Ore and 75 to collect Silver Ore.
313	These are a rare drop from Tin and Silver Ore nodes.
314	You will need level 125 Mining to collect Iron Ore and 155 to collect Gold Ore.
315	You will need level 175 Mining to collect Mithril Ore and 230 to collect Truesilver Ore.
316	You will need level 230 Mining to collect these.
317	These are a rare spawn.
318	However, they can be found more consistently inside the Blackrock Depths dungeon and Molten Core raid.
319	You will need level 245 Mining to collect these.
320	These are level 60-61 Elite enemies.
321	You must be attuned to enter the raid.
322	Skin their corpses.
323	You will need level 170 Skinning to collect these.
324	You will need level 70 Skinning to collect these.
325	They walk in packs around this area.
326	Thunderheads and Stormhides won't drop this item.
327	Only beast enemies will be skinnable.
328	You will need level 100 Skinning to collect these.
329	You will need level 155 Skinning to collect these.
330	You will need level 115 Skinning to collect these.
331	You will need level 185 Skinning to collect these.
332	You will need level 205 Skinning to collect these.
333	You will need level 210 Skinning to collect these.
334	You will need level 245 Skinning to collect these.
335	You will need level 215 Skinning to collect these.
336	These are level 54-56 Elite enemies.
337	It is recommended you clear the area of other enemies before fighting the Devilsaur.
338	You will need level 270 Skinning to collect these.
339	You will need level 275 Skinning to collect these.
340	Any Scalebane, Wyrmkin, Green or Dragonkin enemy.
341	Any Draconic or Blue enemy.
342	These are level 50-54 Elite enemies.
343	You will need level 250 Skinning to collect these.
344	Most of the enemies around this area are Elite.
345	You will need level 260 Skinning to collect these.
346	They are trash mobs found throughout the raid and the second raid boss.
347	Level 61's require 305 Skinning, level 62's require 310 Skinning, and bosses require 315 Skinning.
348	Skin its corpse.
349	You will need level 315 Skinning to collect these.
350	These are level 57-62 Elite enemies.
351	You will need level 300 Skinning to collect these.
352	Level 61's require 305 Skinning and level 62's require 310 Skinning.
353	A Fishing Pole can be purchased near most Fishing profession trainers.
354	Fish in the water.
355	You must have a Fishing Pole equipped to fish.
356	List the items you want to sell on the Auction House.
357	For a full clear, Hellfire Ramparts will provide 633 reputation.
358	For a full clear, the Blood Furnace will net 750 reputation.
359	For optimal rep gains, it may be best to grind to 5999 Friendly before starting the Hellfire Peninsula leveling guide.
360	If you prefer to skip this, click the line below.
361	Refer to the guide to accomplish this.
362	Full clears net around 1,600 reputation.
363	A full clear of Heroic Hellfire Rampart nets roughly 2,500 reputation.
364	A full clear of Heroic Blood Furnace nets roughly 2,700 reputation.
365	A full clear of Heroic Shattered Halls nets roughly 2,900 reputation.
366	A full clear of Normal Shattered Halls nets roughly 1,600 reputation.
367	This quest is repeatable until Honored.
368	You can also run the Slave Pens and Underbog for reputation up until Honored.
369	This is contained in the Package of Identified Plants.
370	There is a low chance of obtaining this item.
371	A full clear of Heroic Slave Pens nets roughly 2,750 reputation.
372	A full clear of Underbog nets roughly 2,600 reputation.
373	A full clear of Heroic Steamvaults nets roughly 2,600 reputation.
374	A full clear of Normal Steamvaults nets roughly 1,600 reputation.
375	You will only need this many if you plan to run no instances.
376	A full clear of Auchenai Crypts nets roughly 700 reputation.
377	A full clear of Sethekk Halls nets roughly 1000 reputation.
378	A full clear of Shadow Labyrinth nets roughly 1750 reputation.
379	You can also run Auchenai Crypts, Sethekk Halls or Shadow Labyrunth for reputation up until Honored.
380	A full clear of Heroic Auchenai Crpts nets roughly 2,000 reputation.
381	A full clear of Heroic Sethekk Halls nets roughly 2,000 reputation.
382	A full clear of Heroic Shadow Labyrinth nets roughly 2,700 reputation.
383	A full clear of Normal Sethekk Halls nets roughly 1,000 reputation.
384	A full clear of Normal Shadow Labyrinth nets roughly 1,700 reputation.
385	He walks along the bridge.
386	Make sure you follow it or you will have to repeat this step.
387	Marking it with a Raid Target Icon can help track it.
388	He walks around this area on a big purple bird.
389	Use it next to the floating crystal.
390	They will spawn in waves for 2 minutes.
391	Avoid the Arcane Annihilators, they can see through the disguise.
392	Listen to the information provided in the room full of blood elves.
393	Use it on Socrethar.
394	On the ground around this area.
395	Standing on the balcony.
396	Destroy them all to make Haalum vulnerable.
397	Downstairs.
398	It only lasts for a minute.
399	Use it when Varedis is at low health.
400	Every 10 Sunfury Signets turned in nets 250 reputation.
401	Each Arcane Tome turn in nets 350 reputation.
402	Click the line above to continue farming.
403	He walks around inside Manaforge Ara and stops in at this small side room.
404	Destroy them all to make Lakaan vulnerable.
405	Destroy them all to make Uylaru vulnerable.
406	Destroy them all to make Eykenen vulnerable.
407	Every 10 Mark of Sargeras turned in nets 250 reputation.
408	Each Fel Armament turn in nets 350 reputation.
409	He walks along this path
410	Combine 5 giblets into a carcass.
411	Stand on tall rocks or crystals.
412	They look like big thorns with a glowing red ball atop them on the ground around this area.
413	Use it on Enslaved Netherwing Drakes.
414	Kill the Dragonmaw Subjugator after you free them.
415	This enemy is elite and will require a group.
416	To avoid having to fight demons, pull Zuluhed the Whacked into one of the small buildings on either side of him when he casts a summoning portal.
417	Flying is required to continue this questline.
418	They look like dark purple eggs with blue crystals on them all over Netherwing Ledge.
419	They spawn in various places, so you will probably need to search for them.
420	Use the "Netherwing Eggs" guide for known locations.
421	Complete daily quests using the "Netherwing Daily Quests" guide.
422	You can also farm eggs using the "Netherwing Egg" guide.
423	Farm them with skinning or purchase them from the auction house.
424	Dodge the pumpkins that Murg throws at you.
425	The easiest strategy is to fly behind and above him, so that you are looking down on him as you fly.
426	Dodge the green bombs that Trope the Filth-Belcher throws at you.
427	The easiest strategy is to fly behind under him.
428	Strafe to the sides when he throws the bombs and you can dodge them easily.
429	Dodge the skulls that Corlok the Vet throws at you.
430	The easiest strategy is to fly close behind and above him while looking down.
431	Strafe to the sides when he throws the skulls and you can dodge them easily.
432	Dodge the fireballs that Wing Commander Ichman throws at you.
433	The easiest strategy is to fly behind and far above him while looking down.
434	Strafe to the sides when he throws fireballs and you can dodge them easily.
435	He does sharp turns and maneuvers, so it's easy to lose track of him if you aren't careful.
436	Dodge the lightning bolts that Wing Commander Mulverick throws at you.
437	The lightning bolts will follow you, unlike the previous race quests.
438	The easiest strategy is to fly beside him, while strafing, and almost ahead of him.
439	Dodge the meteors that fall all around you.
440	The easiest strategy is to fly beside him while strafing and almost ahead of him.
441	Stay close to him and the meteors will hit both of you, stopping him for a second and allowing you to catch up to him if needed.
442	Meteors will briefly stun you rather than dismount you.
443	He looks like a big Flayer mob that walks in a circle in this spot.
444	He will eventually submit.
445	You can find more inside the nearby cave.
446	The quest will show up once they are dead.
447	It looks like a green bush along the cliff wall around this area.
448	It looks like a viny green plant near the base of trees around this area.
449	It looks like a red leafy plant next to the big spiky rock formations around this area.
450	It looks like a big red ball on the ground around this area.
451	Walks all around Oshu'Gun, you'll probably have to look around.
452	After you loot it, there will be a bunch of undead that spawn around you in a circle.
453	Clear enemies around the area before you do.
454	Refer to the Thrallmar reputation guide to accomplish this.
455	Refer to the Lower City reputation guide to accomplish this.
456	Refer to the Cenarion Expedition reputation guide to accomplish this.
457	A full clear of the Mechanar nets roughly 1,600 reputation.
458	A full clear of the Botanica nets roughly 2,200 reputation.
459	A full clear of the Arcatraz nets roughly 1,800 reputation.
460	IMPORTANT: After defeating the boss, you will have 55 minute buff.
461	Your goal is to kill the Shattered Hand Executioner found behind the last boss of the dungeon before the timer runs out.
462	REMEMBER: Your goal is to kill the Shattered Hand Executioner before the prisoners are executed.
463	Behind Warchief Kargath Bladefist.
464	Defeat Harbinger Skyriss and make sure Millhouse lives.
465	"A Heap of Ethereals" becomes a daily after you turn the quest in.
466	A red arrow will appear and point to where you should go.
467	he walks along the wall here.
468	It can be Normal or Heroic.
469	On the floor in the room before Harbinger Skyriss.
470	There will be 3 of them.
471	Once you kill them, it will trigger an event.
472	Kill the enemies that spawn.
473	He patrols along the path of conquest with 4 adds.
474	A full clear of Heroic Mechanar nets roughly 2,100 reputation.
475	A full clear of Heroic Botanica nets roughly 3,200 reputation.
476	A full clear of Heroic Arcatraz nets roughly 2,600 reputation.
477	A full clear of Normal Mechanar nets roughly 1,600 reputation.
478	A full clear of Normal Botanica nets roughly 2,200 reputation.
479	A full clear of Normal Arcatraz nets roughly 1,800 reputation.
480	You can wait at Andormu while the Custodian explains.
481	A full clear of Heroic Old Hillsbrad Foothills nets roughly 2,300 reputation.
482	A full clear of Heroic Black Morass nets roughly 1,750 reputation.
483	A full clear of Normal Old Hillsbrad Foothills nets roughly 1,000 reputation.
484	A full clear of Normal Black Morass nets roughly 1,100 reputation.
485	They look like small puffy, balloon-shaped sacs on on the ground around this area.
486	Collect them in in stacks of 10.
487	You can complete the dungeon once pery day on Heroic and as many times as you want on Normal.
488	They look like small red flowery plants on the ground throughout the dungeon.
489	They can also drop from creatures in the dungeon.
490	Collect these and turn them in for more reputation after each run.
491	You will only be able to interact once they are dead.
492	They will attack in waves.
493	These are the objective of a repeatable quest.
494	Collect 10 at a time for turn-in purposes.
495	Collect them in stacks of 10.
496	You need 10 beads per turn in.
497	Each 10 Obsidian Warbeads will net 250 reputation.
498	Inside the broken building.
499	They look like upright tubes with purple energy flowing through them.
500	They look like small silverish boxes.
501	They look like flowers with pinkish purple petals.
502	He will stop at Warp-Gates to sabotage them multiple times.
503	Follow the Red Arrow that appears.
504	It looks like a small silver circle on the ground with green and red lights.
505	This buff lasts for 60 minutes.
506	It looks like a glowing pink orb.
507	He will stop to sabotage the Ethereum Conduit.
508	This will cause the Ethereum Gladiator to spawn eventually.
509	He will spawn at the same time as a Captured Protectorate Vanguard.
510	You will need to kill him before the Captured Protectorate Vanguard dies.
511	Protect him from enemies as you follow.
512	Kill whatever attacks you.
513	You can run Heroic Mana-Tombs and kill every mob in the instance.
514	If an enemy appers, kill it.
515	Collect them in multiples of 10.
516	Every 10 nets 250 rep.
517	Flying is required to complete this questline.
518	It appears after Grulloc dies.
519	Follow the path to find Maggoc.
520	It appears after Maggoc dies.
521	It appears after Slaag dies.
522	Stand in the fire until Vim'gol the Vile spawns.
523	It appears after Vim'gol dies.
524	Kill adds that attack in waves, defending the Soulgrinder.
525	It appears after Skulloc dies.
526	They look like large clusters of crystals on the ground around this area.
527	It looks like a small floating crystal hovering over a white orb on the ground.
528	Ignore the floating crystal and focus on the crystals on the ground.
529	Observe the color sequence and click the stones on the ground in the same order.
530	It's random every time, and you'll have to repeat 8 sequences.
531	If you fail, you will need to farm another Apexis Shard.
532	It looks like a metal machine with green bubbles floating out of it.
533	Use them on Fel Cannonball Stacks.
534	They look like piles of gray stones on the ground around this area.
535	They can only be used while on a flying mount.
536	Fel Cannons will try to shoot you down while flying.
537	Mount up on the ground near a Fel Cannonball Stack and immediately use the bombs on the stack.
538	This will dismount you quickly before a cannon can fire at you.
539	Use it on weakened Aether Rays around this area.
540	Reduce their health until you see a message indicating they can be wrangled.
541	If you are well-geared, you may need to unequip some of your gear to avoid killing them.
542	It's a huge floating crystal with alternating colors in the middle of the platform.
543	Only do this if you have good gear.
544	You will get hit for 7,000 damage each time.
545	This will make the quest mob spawn faster.
546	It will eventually spawn.
547	It's a big green crystal floating in green smoke above 4 metal vents.
548	Use the "Ogri'la Daily Quests" guide to accomplish this.
549	Kill Fear Fiends and Abyssal Flamebringers that spawn near the portal that opens.
550	Keep your Nether Ray out while killing Warp Chasers and wait until it is done eating before you kill another.
551	Loot it from Talonpriest Ishaal's corpse.
552	This will consume 10 Time-Lost Scrolls.
553	Loot it from Gezzarak the Huntress' corpse.
554	Loot it from Darkscreecher Akkarai's corpse.
555	Loot it from Karrog's corpse.
556	Loot it from Vakkiz the Windrager's corpse.
557	This will consume 1 Time-Lost Offering.
558	When he becomes immune, walk him over the blue smoke.
559	A meteor will come down and break his shield.
560	Killing Terokk will gain you 500 reputation with Ska'tari Skyguard.
561	Use the "Sha'tari Skyguard Daily Quests" guide to accomplish this.
562	You can also form a group and use the "Sha'tari Skyguard Terokk Farming" guide to kill elites for rep.
563	Use leveling guides to accomplish this.
564	Level 70 is optimal to start this guide.
565	Kill them near the totem you placed.
566	Blow the whistle near tubers.
567	Don't blow the whistle near the tuber unless a boar is in ear-shot, otherwise the tuber will vanish.
568	They look like a spiked brown egg with a green mist coming off from them.
569	Collect keys and open chests until you find the First Fragment.
570	They look like stone chests on the ground around this area.
571	They look like pink eggs with green mist around them on the ground around this area.
572	Plant the bundle near the east side of the bridge.
573	Hide until he dismisses his escort, Blood Lord Zarath.
574	Enter Eclipse Point. Once inside, use the disguise to cloak yourself.
575	Watch out for the dragonhawks as they see through the disguise.
576	You must be wearing the blood elf disguise.
577	He lands here and rides up to the fortress.
578	After each trip he despawns and has a 5 minute timer before he restarts his loop.
579	This enemy is elite and may require a group of up to four people.
580	Near the altar.
581	This enemy is elite and may require a group of up to five people.
582	After Warchief Kargath Bladefist in The Shattered Halls dungeon on heroic difficulty.
583	It must be killed within 55 minutes of passing Grand Warlock Nethekurse's room.
584	Warlord Kalithresh is the final boss of The Steamvault dungeon.
585	This must be completed on heroic difficulty.
586	Murmur is the final boss of the Shadow Labyrinth dungeon.
587	Protect Millhouse Manastorm during the boss encounter in The Arcatraz dungeon.
588	Inside the Magtheridon's Lair raid.
589	She walks around the Caverns of Time.
590	He walks back and forth across the bridge.
591	He will show you around the city.
592	She is inside the tallest building.
593	He is on the balcony.
594	Enter the warden's cage, follow ramp down.
595	Enter the warden's cage and follow the ramp down.
596	He is inside the hidden chamber in the Warden's Cage.
597	Follow the hallway to the first corridor on the right.
598	Swim down the passage and exit out the water on the other side.
599	He's dead before the last boss's room in The Arcatraz dungeon.
600	He is flying above this area.
601	Inside Fathom-Lord Karathress's room of Serpentshrine Cavern.
602	After you kill Fathom-Lord Karathress, Seer Olum will exit from the cage.
603	The final boss of the Serpentshrine Cavern raid.
604	Use it inside the Tempest Keep raid before engaging Al'ar.
605	The first boss inside the Tempest Keep raid.
606	You must have the "Ashtongue Ruse" buff to complete this.
607	The final boss of the Tempest Keep raid.
608	Inside the Battle for Mount Hyjal raid.
609	Follow Akama when he appears and help him.
610	It may take 5-10 minutes for Akama to start.
611	Use the Shattered Sun Offensive daily quest guides to accomplish this.
612	You can also run Magisters' Terrace.
613	This title must be purchased for 1,000 gold.
614	This guide contains the repeatable quests to gain reputation with the Cenarion Expedition.
615	These drop from pretty much every creature in the Zangarmarsh area.
616	The Quest is Repeatable until you are Honored.
617	Kill Fungal Giants and Bog Lords
618	I recommend these since you can get twice the chances if your Herbalism is high enough to harvest their bodies.
619	"The Internet" says that getting and turning in 360 will get you from default standing to Honored.
620	SAVE Your Uncatalogued Species you get from the "Packaged of Identified Plants" Reward from these quests.
621	The Quest is Repeatable until you are Revered.
622	Open the Package of Identified Plants you get from the previous quest
623	Click the Uncatalogued Species to start the quest
624	The Quest is Repeatable until you are Exalted.
625	The Quest requires a random BoE drop from The Steamvaults (L70 Coilfang Instance).
626	This guide contains the quests to gain reputation with the Cenarion Expedition.
627	The Quests are in order via list on https:
628	A Crimson Crystal Shard will drop while killing them
629	Kill the creature that spawns
630	Kill Hulking Helboar
631	Kill Marauding Crust Burster
632	Or Kill Tunneler
633	Use the Seed of Revitalization in the Green Circle.
634	Kill Goliathon
635	This quest is recommended for a group of 2+
636	Below Warden Hamoot, To the Right of the entrance to his tower.
637	Kill Ango'rosh Shaman
638	Kill Ango'rosh Ogre
639	Go east to Terokkar Forest
640	Fly to Evergrove, Blade's Edge Mountains
641	If you're returning to this quest and don't have your gas mask, get a new one from Wildlord Antelarion in Ruuan Weald
642	Rapidly Unlock 5 of the Devices located at the included locations.
643	If you're not quick enough the Doomcryer won't spawn, but it's pretty lenient.
644	Device A
645	Device B
646	Device C
647	Device D
648	Device E
649	She spawns after you've unlocked all 5 devices.
650	Wait a few seconds and he'll swoop in as a raven.
651	Kill any creature in the Death's Door area.
652	I recommend just going up to the left and killing the Deathforge Technicians up the hill.
653	Use Naturalized Ammunition on South Warp-Gate
654	Use Naturalized Ammunition on North Warp-Gate
655	Get somewhere safe..
656	Use the Evergrove Wand on Baelmon the Hound-Master
657	Fly to The Stormspire, Netherstorm
658	This guide unlocks the Wyrmrest Accord daily quest chain in Dragonblight.
659	This guide runs the Wyrmrest Accord daily quest route in Dragonblight.
660	This guide unlocks the Sons of Hodir chain in The Storm Peaks.
661	This guide unlocks The Oracles daily quests in Sholazar Basin.
662	This guide runs The Oracles daily quests in Sholazar Basin.
663	This guide unlocks Frenzyheart Tribe daily quests in Sholazar Basin.
664	This guide runs Frenzyheart Tribe daily quests in Sholazar Basin.
665	Quick launcher for major Northrend reputation guides.
666	Click to open the Argent Crusade reputation guide.
667	Click to open the Kirin Tor reputation guide.
668	Click to open the Knights of the Ebon Blade reputation guide.
669	Click to open The Kalu'ak reputation guide.
670	Click to open The Sons of Hodir reputation guide.
671	Click to open The Wyrmrest Accord reputation guide.
672	Click to open Explorers' League reputation guide.
673	Click to open The Frostborn reputation guide.
674	Click to open The Oracles pre-quest guide.
675	Click to open Frenzyheart Tribe pre-quest guide.
676	Redirects to the proven Argent Crusade reputation overview guide.
677	Open Zygor's Argent Crusade reputation guide.
678	Redirects to the proven Kirin Tor reputation overview guide.
679	Open Zygor's Kirin Tor reputation guide.
680	Redirects to the proven Knights of the Ebon Blade reputation overview guide.
681	Open Zygor's Knights of the Ebon Blade reputation guide.
682	Redirects to the proven Kalu'ak reputation overview guide.
683	Open Zygor's Kalu'ak reputation guide.
684	Redirects to the proven Sons of Hodir reputation overview guide.
685	Open Zygor's Sons of Hodir reputation guide.
686	Redirects to the proven Wyrmrest Accord reputation overview guide.
687	Open Zygor's Wyrmrest Accord reputation guide.
688	Redirects to the proven Explorers' League reputation overview guide.
689	Open Zygor's Explorers' League reputation guide.
690	Redirects to the proven Frostborn reputation overview guide.
691	Open Zygor's Frostborn reputation guide.
692	Starter-friendly daily gold checklist for Alliance level 80 characters.
693	Prep checklist:
694	Empty at least 40 bag slots.
695	Bring food/water and repair before leaving Dalaran.
696	Set Hearthstone to Dalaran.
697	This route is tuned for level 80 only.
698	Complete Dalaran Cooking Daily.
699	Complete Dalaran Fishing Daily.
700	If Jewelcrafting is 350+, complete Dalaran Jewelcrafting Daily.
701	Run these fast solo daily clusters:
702	K3 / Sons of Hodir dailies in Storm Peaks.
703	Wyrmrest Temple dailies in Dragonblight.
704	The Oracles or Frenzyheart dailies in Sholazar Basin.
705	Fallback farm if you cannot access all dailies yet:
706	Spend 25-30 minutes gathering in Sholazar Basin.
707	Prioritize Saronite nodes and Goldclover/Tiger Lily.
708	Click to run the dedicated Sholazar 30-Min Gathering Circuit.
709	You do not have Mining/Herbalism.
710	Use Icecrown Cloth + Vendor Circuit as your fallback farm.
711	End-of-run checklist:
712	Vendor gray/white trash.
713	Post stackable mats to Auction House.
714	Keep one stack each of Northrend cooking fish for future dailies.
715	High-throughput daily gold route for geared Alliance level 80 characters.
716	Optimization setup:
717	Have fast flying unlocked.
718	Maintain dedicated gold-run bags (no gear clutter).
719	Use a banker alt mailing workflow if available.
720	Run Zygor's proven gold sequence:
721	Level 80 Dailies Speed Gold Run (No ATG Dailies) on low-time days.
722	Level 80 Dailies Speed Gold Run (With ATG Dailies) on full-time days.
723	Open No ATG speed run now.
724	Open With ATG speed run now.
725	Post-run optimization:
726	Convert Frostweave Cloth into bolts if Tailoring is available.
727	Smelt and stack ore bars if bar prices are higher than raw ore.
728	Re-list undercut-sensitive mats in evening prime time.
729	If daily quests are locked out, run Icecrown Cloth + Vendor Circuit for filler gold.
730	Unlock the ability to buy Noggenfogger Elixir in Gadgetzan.
731	Go to The Hinterlands
732	Go to Tanaris
733	Wait for Marin Noggenfogger to mix the elixir. This takes a few Seconds.
734	You can now buy Noggenfogger Elixir from Marin Noggenfogger.
735	Solo path to unlock the Dalaran intro and both return crystals with no summons or portals from other players.
736	This is the earliest reliable solo unlock path in Wrath for Alliance.
737	Ask Image of Archmage Modera to teleport you to Dalaran.
738	Click the Teleport to Violet Stand Crystal.
739	Click the Teleport to Dalaran Crystal.
740	Dalaran crystal unlock complete.
741	Front-load key Wrath travel unlocks to save time on every later guide: Dalaran home/FP plus major Northrend hubs.
742	If you have not unlocked Dalaran crystal travel yet, complete the unlock first.
743	Use: Ares' Fun Guides\\Utility Tricks\\Unlock Dalaran Return Crystal (Alliance 74+)
744	Go to Borean Tundra
745	Go to Zul'Drak
746	Go to The Storm Peaks
747	Travel network setup complete.
748	Experimental level-70 Dalaran entry method using ghost gryphon + battleground return behavior. This is realm-dependent and may not work everywhere.
749	This route uses unintended behavior and may be blocked on some realms.
750	Check your server rules first.
751	Go to Icecrown
752	Move near the Cathedral of Darkness / Ymirheim edge.
753	Aggro a strong hostile mob and die here.
754	The goal is to die in Icecrown so your ghost gets the spectral gryphon.
755	Release spirit and mount the spectral gryphon.
756	Fly as high as possible toward Dalaran over Crystalsong Forest.
757	Aim for city rooftops.
758	Go to Dalaran (as ghost)
759	When the ghost mount despawns, fall and try to land your ghost inside the city bounds.
760	Open the PvP panel and queue for any battleground.
761	This step is the server-dependent part.
762	Enter the battleground, then either finish or leave after fully loading in.
763	After loading back to the world, check whether your character is now in Dalaran.
764	If yes, set up your travel network immediately:
765	If the BG return does not place you in Dalaran, use the normal unlock route instead.
766	Ares' Fun Guides\\Utility Tricks\\Unlock Dalaran Return Crystal (Alliance 74+)
767	Reach the hidden Ironforge Airport area by mountain climbing from Dun Morogh.
768	Bring a Slow Fall effect if possible.
769	Noggenfogger, parachute, or class slow fall helps recovery jumps.
770	Go to Dun Morogh
771	Start climbing the snowy ridge above Ironforge.
772	Use short diagonal jumps up the ledges.
773	Face along the slope, not directly at it.
774	Follow the ridge west toward the hidden plateau.
775	You should now be in the Ironforge Airport area.
776	Explore the runway and dwarf buildings.
777	If you fall, run back to step 3 and retry the climb line.
778	Visit the Karazhan Crypts exterior and practice terrain-jump routing around Deadwind Pass.
779	Go to Deadwind Pass
780	Go to the graveyard/crypt hill near Karazhan.
781	Stand near the crypt gate and line up your camera for terrain visibility.
782	Follow the cliff edge to find safe drop angles and hidden ledges.
783	Practice controlled jumps along the edge.
784	Use slow fall before testing steep drops.
785	Return to the crypt gate area and repeat routes you can consistently perform.
786	Karazhan Crypts exterior exploration complete.
787	Attempt the classic mountain route toward old Hyjal from Winterspring cliffs.
788	Bring a mount and a Slow Fall effect.
789	This route is jump-sensitive and may take multiple attempts.
790	Go to Winterspring
791	Move to the high cliff line north-west of Everlook.
792	Climb the broken rock shelves with short strafing jumps.
793	Follow the ridge toward the zone wall.
794	Use side-jumps to stay on the narrow ridge.
795	If you slide, backtrack to the last flat shelf.
796	This is the standard staging area for old Hyjal route attempts.
797	If the final ridge jump fails, return to step 4 and retry with tighter side angles.
798	Run fast Outland mount farms in one guide: Karazhan, Sethekk Halls, Tempest Keep, and Magisters' Terrace.
799	Start in Shattrath City for quick flights to all Outland entrances.
800	Enter Karazhan and clear to Attumen the Huntsman.
801	Fiery Warhorse's Reins can drop from Attumen.
802	Loot for Fiery Warhorse's Reins.
803	Go to Terokkar Forest
804	Enter Sethekk Halls on Heroic difficulty.
805	Raven Lord only drops from Heroic Anzu in 3.3.5a.
806	Loot for Reins of the Raven Lord.
807	Go to Netherstorm
808	Enter Tempest Keep: The Eye and clear to Kael'thas Sunstrider.
809	Loot for Ashes of Al'ar.
810	Go to Isle of Quel'Danas
811	Enter Magisters' Terrace on Heroic difficulty and clear to Kael'thas.
812	Loot for Swift White Hawkstrider.
813	Outland mount loop complete. Reset instances and repeat next lockout.
814	Farm quick Wrath-era and classic weekly mount drops: Utgarde Pinnacle, Eye of Eternity, Obsidian Sanctum, Onyxia, and Stratholme.
815	Set dungeon difficulty to Heroic before running Utgarde Pinnacle.
816	Go to Howling Fjord
817	Enter Utgarde Pinnacle and clear to Skadi the Ruthless.
818	Heroic-only mount farm.
819	Loot for Reins of the Blue Proto-Drake.
820	Enter The Eye of Eternity and defeat Malygos.
821	Loot for Reins of the Azure Drake and Reins of the Blue Drake.
822	Enter The Obsidian Sanctum and kill Sartharion with 3 drakes alive if possible.
823	3D gives a guaranteed Black or Twilight Drake in Wrath.
824	Go to Dustwallow Marsh
825	Enter Onyxia's Lair and clear to Onyxia.
826	Loot for Reins of the Onyxian Drake.
827	Go to Eastern Plaguelands
828	Enter Stratholme Service Gate and clear undead side to Baron Rivendare.
829	Loot for Deathcharger's Reins.
830	Northrend and Azeroth mount loop complete.
831	Patrol Northrend for iconic rare spawns and spirit beasts.
832	This route is great for Hunters and collectors.
833	Go to Sholazar Basin
834	Start a clockwise loop for Loque'nahak and King Krush.
835	Hunters can tame instead of killing.
836	Spawn shares many patrol points with Loque'nahak.
837	Go to Grizzly Hills
838	Patrol this area for Arcturis.
839	Patrol these ridges for Gondria.
840	Begin Time-Lost Proto-Drake patrol checks at known fly-path intersections.
841	Loot for Reins of the Time-Lost Proto-Drake.
842	Shares spawn paths and timer window with Time-Lost Proto-Drake.
843	Rare safari complete. Keep cycling this route while rare timers are active.
