1	You must be at least level 5 to train Apprentice professions.
2	Farm them with Herbalism or purchase them from the auction house.
3	These totals are approximate.
4	You may need more or less than the indicated amount.
5	You will need level 185 Herbalism to collect these.
6	Gather Felweed along the path.
7	Gather Dreaming Glory along the path.
8	Gather Terocone along the path.
9	Gather Netherbloom along the path.
10	Gather Nightmare Vine along the path.
11	Save these, you will need them later.
12	You may need to create more of these.
13	Save 65 of these, you will need them later.
14	Each additional one requires one Peacebloom, one Silverleaf, and one Empty Vial.
15	You must be at least level 10 to train Journeyman professions.
16	You may need to create more or less of these.
17	You must be at least level 20 to train Expert professions.
18	You must be at least level 35 to train Artisan professions.
19	You must be at least level 50 to train Master professions.
20	Each one requires another Golden Sansam and Dreaming Glory.
21	Each one requires another Nightmare Vine and Dreaming Glory.
22	They look like gray rocks with orange and yellow mineral deposits along the path.
23	You will need level 65 Mining to collect these.
24	Smelt the ore at a forge.
25	You will need level 75 Mining to collect these.
26	Smelt 70 Copper and Tin into 140 Bronze Bars.
27	You will need level 125 Mining to collect these.
28	You will need level 155 Mining to collect these.
29	Buy 190 Coal from the Trade Supplier near the forge.
30	You will need level 175 Mining to collect these.
31	Farm them from humanoid mobs or purchase them from the auction house.
32	Save this, you will need it later.
33	Each additional Rough Sharpening Stone requires one Rough Stone.
34	Each additional Rough Grinding Stone requires two Rough Stone.
35	Save 10 of these, you will need them later.
36	Each additional Coarse Sharpening Stone requires one Coarse Stone.
37	Each additional Coarse Grinding Stone requires two Coarse Stone.
38	Save 30 of these, you will need them later.
39	Stand next to an anvil.
40	You created these in a previous step.
41	Save the ore for later.
42	Smelt the Copper and Tin Ore into Bronze at a forge.
43	Each additional Heavy Grinding Stone requires three Heavy Stone.
44	Save these for the next step.
45	You purchased these in a previous step.
46	Buy 50 Coal from the Trade Supplier near the forge.
47	If you intend to choose the Armorsmith specialization, keep 6 of these.
48	You may need to make a few more of these.
49	Each additional Solid Grinding Stone requires four Solid Stone.
50	Save 130 these, you will need them later.
51	Buy 140 Coal from the Trade Supplier near the forge.
52	If you intend to choose the Armorsmith specialization, keep 4 of these.
53	Purchase this from the auction house.
54	You can also make 15 Mithril Coifs.
55	This will require more materials at 150 Mithril Bars and 90 Mageweave Cloth.
56	You do not need these if you make Mithril Coifs instead.
57	Each addtional Mithril Spur requires four Mithril Bars and three Solid Grinding Stones.
58	Solid Grinding Stones require four Solid Stone.
59	Each addtional Dense Sharpening Stone requires one Dense Stone.
60	You must be at least this level before you can accept the next quests.
61	You will need 10 for a quest, and at least 312 for the the next recipe.
62	You collected these in a previous step.
63	Each additional Imperial Plate Bracer requires twelve Thorium Bars.
64	You will need 50 for quests, and at least 90 for the the next recipe.
65	Each additional Imperial Plate Boots requires eighteen Thorium Bars.
66	You will need 588 Thorium Bars.
67	You will need 100 extra Fel Iron Bars.
68	Each additional Imperial Plate Chest requires twenty Thorium Bars.
69	They look like green mineral clusters around this path.
70	Enter caves along the path.
71	Make sure you enable "Find Minerals" in the tracking menu on the minimap.
72	Farm them from humanoid mobs in Outland or purchase them from the auction house.
73	Each additional Fel Weightstone requires one Fel Iron Bar and one Netherweave Cloth.
74	They look like light blue mineral clusters around this path.
75	They look like dark blue mineral clusters around this path.
76	Each additional Rune of Warding requires one Adamantite Bar.
77	Each additional Fel Iron Chain Tunic requires nine Fel Iron Bars.
78	This is a limited supply item that can also be purchased from the auction house.
79	If it is sold out it should restock in about 15-60 minutes.
80	Each additional Lesser Ward of Shielding requires one Adamantite Bar.
81	Each additional Adamantite Weightstone requires one Adamantite Bar and two Netherweave Cloth.
82	This requires farming "Plans: Felsteel Gloves" from Auchenai Monks in Auchenai Crypts.
83	This has a respectable drop rate and shouldn't be too difficult to acquire.
84	This recipe requires approximately 102 Felsteel Bars to reach 375.
85	Scryers is usually considered to be cheaper, but it varies from server to server.
86	Honored reputation is required for Aldor, while Friendly is required for Scryers.
87	Scryers requires approximately 34 Hardened Adamantite Bars, 136 Arcane Dust, and 34 Prismatic Shards.
88	Aldor requires approximately 136 Fel Iron Bars, 68 Primal Water, and 68 Primal Fire.
89	Stay very close to it or you will fail the quest.
90	This escort quest takes 8-10 minutes.
91	Accept the "Allegiance to the Aldor" quest.
92	Accept the "Allegiance to the Scryers" quest.
93	Farm these from demon enemies in Outland zones and dungeons.
94	Death's Door in Blade's Edge Mountains is a good farming spot.
95	Ten are required to exchange for 250 Aldor reputation.
96	Legion Hold in Shadowmoon Valley and the Shadow Labyrinth dungeon are good farming spots.
97	Ten are required to exchange for 350 Aldor reputation.
98	Combine 10 Motes of Water into 1 Primal Water.
99	If you have fishing, you can also gather them from the "Pure Water" pools that spawn around here.
100	Farm them with Mining, from Outland water elementals, or purchase them from the auction house.
101	Farm them with Mining, from Outland fire elementals, or purchase them from the auction house.
102	Combine 10 Motes of Fire into 1 Primal Fire.
103	Farm these from Outland Elf enemies in Outland zones and dungeons.
104	Eclipse Point in Shadowmoon Valley is a good farming spot.
105	Ten are required to exchange for 250 Scryers reputation.
106	Farm these from Outland Elf in Outland zones and dungeons.
107	Ten are required to exchange for 350 Scryers reputation.
108	Smelt the ore into bars, then into Hardened Adamantite Bars at a forge.
109	You may sometimes get Greater or Lesser Planar Essence instead of Arcane Dust.
110	Disenchant them from Outland rare (blue) items with Enchanting or purchase them from the auction house.
111	You may need to make a few more or less of these.
112	Each additional Flamebane Glove requires eight Fel Iron Bars, four Primal Water, and four Primal Fire.
113	Each additional Enchanted Adamantite Belt requires two Hardened Adamantite Bars, eight Arcane Dust, and two Large Prismatic Shards.
114	This will not drop unless there is a Blacksmith in the group.
115	It is Bind on Pickup and cannot be traded.
116	Save the ore for the next step if you are gathering.
117	Smelt these into Eternium Bars, then combine the Fel Iron Bars and Eternium Bars.
118	Each additional Felsteel Gloves requires six Felsteel Bars.
119	You must be at least level 5 before you can learn professions.
120	Stand next to the Warm Fire.
121	Stand next to the Potbelly Stove.
122	Follow the path and kill them as you find them.
123	It may be cheaper on the Auction House.
124	You will learn this automatically.
125	They spawn on both sides of the road.
126	Refer to Talbuk Venison farming guide to accomplish this.
127	Refer to Raptor Ribs farming guide to accomplish this.
128	Disenchant level 5-25 uncommon (green) items with Enchanting or purchase them from the auction house.
129	Disenchant level 26-35 uncommon (green) items with Enchanting or purchase them from the auction house.
130	Disenchant level 36-45 uncommon (green) items with Enchanting or purchase them from the auction house.
131	Disenchant level 46-55 uncommon (green) items with Enchanting or purchase them from the auction house.
132	Disenchant level 56-60 uncommon (green) items with Enchanting or purchase them from the auction house.
133	Disenchant level 9-15 uncommon (green) armor and level 9-25 uncommon (green) weapons with Enchanting or purchase them from the auction house.
134	You can combine 3 Lesser Magic Essences to create 1 Greater Magic Essence.
135	Disenchant level 21-25 uncommon (green) items with Enchanting or purchase them from the auction house.
136	Disenchant level 26-30 uncommon (green) items with Enchanting or purchase them from the auction house.
137	Disenchant level 31-35 uncommon (green) items with Enchanting or purchase them from the auction house.
138	Disenchant level 36-40 uncommon (green) items with Enchanting or purchase them from the auction house.
139	Disenchant level 51-56 uncommon (green) items with Enchanting or purchase them from the auction house.
140	Create it with Blacksmithing or purchase it from the auction house.
141	It requires 1 Silver bar and 2 Rough Grinding Stones to craft.
142	It requires 1 Gold Bar and 2 Coarse Grinding Stones to craft.
143	It requires 1 Truesilver Bar and 1 Heavy Grinding Stones to craft.
144	It requires 3 Arcanite Bars and 1 Dense Grinding Stone to craft.
145	Farm it with Mining or purchase it from the auction house.
146	Farm it using the "Iridescent Pearl" farming guide or purchase it from the Auction House.
147	Farm it using the "Black Pearl" farming guide or purchase it from the Auction House.
148	Farm it using the "Golden Pearl" farming guide or purchase it from the Auction House.
149	Disenchant level 51-60 rare (blue) items with Enchanting or purchase them from the auction house.
150	It requires 6 Fel Iron Bars to craft.
151	It requires 10 Adamantite Bars to craft.
152	Disenchant Outland uncommon (green) items with Enchanting or purchase them from the auction house.
153	Create it with Alchemy or purchase it from the auction house.
154	It requires 1 Primal Earth, 1 Primal Water, 1 Primal Air, 1 Primal Fire and 1 Primal Mana to craft.
155	Disenchant Outland rare (blue) items with Enchanting or purchase them from the auction house.
156	These are limited supply items that can also be purchased from the auction house.
157	Place then enchant on a bracer slot item, either equipped or in your inventory.
158	You may be able to use it on other players' bracers to make some profit while increasing your skill level.
159	Each additional Minor Health enchant requires one Strange Dust.
160	Place then enchant on a cloak slot item, either equipped or in your inventory.
161	You may be able to use it on other players' cloak to make some profit while increasing your skill level.
162	You purchased this in a previous step.
163	Each additional Strength enchant requires one Vision Dust.
164	Each additional Greater Defense enchant requires three Vision Dust.
165	Place then enchant on a boot slot item, either equipped or in your inventory.
166	You may be able to use it on other players' boots to make some profit while increasing your skill level.
167	Place then enchant on a chest slot item, either equipped or in your inventory.
168	You may be able to use it on other players' chest to make some profit while increasing your skill level.
169	Each additional Superior Health enchant requires six Vision Dust.
170	Each additional Lesser Mana Oil requires three Dream Dust, two Purple Lotus, and one Crystal Vial.
171	This is a limited supply item that cannot be purchased from the auction house.
172	If he doesn't have it for sale, you will have to wait.
173	Place then enchant on a shield slot item, either equipped or in your inventory.
174	You may be able to use it on other players' shield to make some profit while increasing your skill level.
175	Each additional Greater Stamina enchant requires ten Dream Dust.
176	Each additional Brawn enchant requires 6 Arcane Dust.
177	Place then enchant on a glove slot item, either equipped or in your inventory.
178	You may be able to use it on other players' glove to make some profit while increasing your skill level.
179	Each additional Assault enchant requires 8 Arcane Dust.
180	Each additional Major Stamina enchant requires 15 Arcane Dust.
181	Each additional Superior Wizard Oil requires 3 Arcane Dust, 1 Nightmare Vine, and 1 Imbued Vial.
182	Each additional Major Strength enchant requires 12 Arcane Dust and 1 Greater Planar Essence.
183	Refer to the "Keepers of Time" reputation guide to accomplish this.
184	Place then enchant on a ring slot item, either equipped or in your inventory.
185	Each additional Spellpower enchant requires 2 Large Prismatic Shards and 2 Greater Planar Essences.
186	You will need level 65 Mining to collect Tin Ore nodes and 75 to collect Silver Ore nodes.
187	Farm them with Skinning or purchase them from the auction house.
188	Combine the Copper and Tin Ore at a forge.
189	Buy 4 Coal from the Trade Supplier near the forge.
190	Farm them from level 5-20 humanoid mobs or purchase them from the auction house.
191	Farm them from level 16-30 humanoid mobs or purchase them from the auction house.
192	Farm them from level 38-50 humanoid mobs or purchase them from the auction house.
193	Farm them from level 50+ humanoid mobs or purchase them from the auction house.
194	They look like dark purple mineral clusters around this path.
195	Follow the path, killing any that you see.
196	Combine 10 Motes of Earth into 1 Primal Earth.
197	Save this, you will need it for future steps.
198	Save at least 60 of these; you will need them for future steps.
199	Save these, you will need them for future steps.
200	Save at least 30 of these; you will need them for future steps.
201	Each additional Handful of Copper Bolts requires 1 copper bar.
202	Each additional Rough Copper Bomb requires 2 Rough Blasting Powder, 1 Handful of Copper Bolts, 1 Copper Bar, and 1 Linen Cloth.
203	Save 60 of these, they will be used in a later schematic.
204	Each additional Coarse Dynamite requires 3 Coarse Blasting Powder and 1 Linen Cloth.
205	Save at least 10 of these; you will need them for future steps.
206	Each additional Bronze Tube requires 2 Bronze Bars and 1 Weak Flux.
207	Save at least 15 of these; you will need them for future steps.
208	Each additional Whirring Bronze Gizmo requires 2 Bronze Bars and 1 Wool Cloth.
209	Save 5 of these if you intend to specialize in Goblin Engineering later.
210	Each additional Solid Blasting Powder requires 2 Solid Stone.
211	You  may need to create more or less of these.
212	Each additional Mithril Tube requires 3 Mithril Bars.
213	Save 6 of these if you intend to specialize in Gnomish Engineering later.
214	Save at least 20 of these; you will need them for future steps.
215	Each additional Unstable Trigger requires 1 Solid Blasting Powder, 1 Mithril Bar, and 1 Mageweave Cloth.
216	Save at least 40 of these; you will need them for future steps.
217	Each additional Mithril Casing requires 3 Mithril Bars.
218	Each additional Hi-Explosive Bomb requires 2 Solid Blasting Powders, 1 Unstable Trigger, and 1 Mithril Casing.
219	Each additional Dense Blasting Powder requires 2 Dense Stone.
220	Save these for a later step.
221	Each additional Thorium Widget requires 3 Thorium Bar and 2 Runecloth.
222	Each additional Thorium Shells requires 2 Thorium Bar and 1 Dense Blasting Powder.
223	Each additional Fel Iron Casing requires 3 Fel Iron Bars.
224	You may need to make more or less of these.
225	Each additional Adamantite Frame requires 4 Adamantite Bars and 1 Primal Earth.
226	Each additional White Smoke Flare requires 1 Netherweave Cloth and 1 Elemental Blasting Powder.
227	Each additional Adamantite Rifle requires 3 Fel Iron Casings, 2 Adamantite Frames, and 4 Handfuls of Fel Iron Bolts.
228	This is generaly the cheapest recipe to max level.
229	Each additional Field Repair Bot 110G requires 8 Handfuls of Fel Iron Bolts, 8 Adamantite Bars, and 1 Khorium Power Core.
230	Use it on the injured NPC's on the beds nearby inside the building.
231	You must use the Triage Bandage to heal them before they die.
232	If too many die you will fail the quest.
233	Press "Ctrl+V" to show their health bars to make it easier.
234	Try to heal them by priority, in this order:
235	Critically Injured
236	Badly Injured
237	Injured Patients
238	If you fail, just abandon the quest and try again.
239	You must be at least level 58 to train enter Outland.
240	You need to be able to equip a fishing pole in order to fish.
241	These will allow you to catch fish easier.
242	Use the "Fishing" skill in your spell book.
243	Equip the Fishing Pole in your bags.
244	Use it on your Fishing Pole.
245	Try to keep one of these active whenever you are fishing.
246	This is a limited supply item.
247	If she doesn't have it for sale, check the Auction House.
248	If you can't get one, you can skip this step.
249	Equip the "Strong Fishing Pole", if you were able to get one.
250	You must be at least this level before you can accept the quest in the next step.
251	On a small island in the water.
252	You will eventually catch one.
253	Click herbs as you follow the path around this area.
254	You won't be able to gather Sungrass until level 230 Herbalism.
255	You Won't be able to gather Gromsblood until level 250 Herbalism.
256	You will need at least 15 Herbalism skill to gather these.
257	You will need at least 50 Herbalism skill to gather these.
258	You will need at least 85 Herbalism skill to gather these.
259	You will need at least 70 Herbalism skill to gather these.
260	Swiftthistle has a chance to be gathered from Briarthorn and Mageroyal.
261	You will need at least 100 Herbalism skill to gather these.
262	You will need at least 115 Herbalism skill to gather these.
263	You will need at least 120 Herbalism skill to gather these.
264	You will need at least 125 Herbalism skill to gather these.
265	You will need at least 150 Herbalism skill to gather these.
266	You will need at least 160 Herbalism skill to gather these.
267	You will need at least 170 Herbalism skill to gather these.
268	You will need at least 185 Herbalism skill to gather these.
269	You will need at least 195 Herbalism skill to gather these.
270	You will need at least 210 Herbalism skill to gather these.
271	You will need at least 205 Herbalism skill to gather these.
272	You will need at least 220 Herbalism skill to gather these.
273	You will need at least 230 Herbalism skill to gather these.
274	You will need at least 235 Herbalism skill to gather these.
275	You will need at least 245 Herbalism skill to gather these.
276	You will need at least 250 Herbalism skill to gather these.
277	You will need at least 260 Herbalism skill to gather these.
278	You will need at least 270 Herbalism skill to gather these.
279	You will need at least 280 Herbalism skill to gather these.
280	You will need at least 285 Herbalism skill to gather these.
281	You will need at least 290 Herbalism skill to gather these.
282	You will need at least 300 Herbalism skill to gather these.
283	This will have you collect all Classic-level materials before beginning.
284	They look like small white flowers on the ground along the path.
285	They look like bushy blue and green plants on the ground along the path.
286	Mill them from herbs with Inscription or purchase them from the auction house.
287	Alabaster Pigment can be Milled from Earthroot, Peacebloom, and Silverleaf.
288	They look like bushy pink flowers on the ground along the path.
289	Dusky Pigment can be Milled from Briarthorn, Bruiseweed, Mageroyal, Stranglekelp, and Swiftthistle.
290	They look like bushy purple, pink, and green plants on the ground along the path.
291	Golden Pigment can be Milled from Grave Moss, Kingsblood, Liferoot, and Wild Steelbloom.
292	They look like clumps of gold and green grass on the ground along the path.
293	Emerald Pigment can be Milled from Fadeleaf, Goldthorn, Khadgar's Whisker, and Wintersbite.
294	They look like purple and green weeds on the ground along the path.
295	You will need level 250 Herbalism to gather these.
296	Violet Pigment can be Milled from Arthas' Tears, Blindweed, Firebloom, Ghost Mushroom, Gromsblood, Purple Lotus, and Sungrass.
297	They look like plants topped with white balls on the ground along the path.
298	You will need level 290 Herbalism to gather these.
299	Silvery Pigment can be Milled from Dreamfoil, Golden Sansam, Icecap, Mountain Silversage, and Plaguebloom.
300	If you receive Sapphire Pigment from Milling, you will need less of these.
301	Save at least 18 of these; you will need them for future steps.
302	Each additional Scroll of Stamina requires 1 Ivory Ink and 1 Light Parchment.
303	Save at least 22 of these; you will need them for future steps.
304	Each additional Armor Vellum requires 1 Moonglow Ink and 2 Light Parchment.
305	Save these and place high-value enchants on them.
306	Each additional Midnight Ink requires 2 Dusky Pigment.
307	Train the glyphs of your choosing from the trainer.
308	For the next 20 points, continue training new orange-difficulty glyphs as you gain points.
309	Open your Inscription panel and create any trained glyph of your choice that is orange.
310	Each additional Lion's Ink requires 2 Dusky Pigment.
311	Also train any orange-difficulty glyphs you would like to make.
312	If you have any Burnt Pigment, you can turn it into Dawnstar Ink for points first.
313	For the next 17 points, continue training new orange-difficulty glyphs as you gain points.
314	If you made Dawnstar Ink, make Strange Tarot cards instead.
315	Each additional Jadefire Ink requires 2 Emerald Pigment.
316	For the next 40 points, continue training new orange-difficulty glyphs as you gain points.
317	At skill 175, stop and convert Indigo Pigment into Royal Ink if you have any.
318	For the next 5 points, continue creating yellow-difficulty glyphs to gain points.
319	Open your Inscription panel and create any trained glyph of your choice that is yellow.
320	If you made Indigo Pigment, make Arcane Tarot cards instead.
321	Each additional Celestial Ink requires 2 Violet Pigment.
322	At skill 225, stop and convert Ruby Pigment into Fiery Ink if you have any.
323	If you made Ruby Pigment, make Weapon Vellum II instead.
324	If you receive Sapphire Pigment from Milling, you will around 30 fewer.
325	If you receive Sapphire Pigment from Milling, you will around 15 fewer.
326	Each additional Shimmering Ink requires 2 Violet Pigment.
327	For the next 25 points, continue training new orange-difficulty glyphs as you gain points.
328	At skill 275, stop and convert Sapphire Pigment into Ink of the Sky if you have any.
329	You must be at least level 58 to train Master professions in Outland.
330	You will need level 300 Herbalism to gather these.
331	You will need level 315 Herbalism to gather these.
332	Nether Pigment can be Milled from any Outland herb.
333	Each additional Ethereal Ink requires 2 Nether Pigment.
334	For the next 45 points, continue training new orange-difficulty glyphs as you gain points.
335	Leveling Inscription further is very expensive without Northrend materials.
336	Waiting until the Wrath of the Lich King launch will greatly reduce the time and gold required to progress further.
337	They can be Prospected from Copper Ore with Jewelcrafting.
338	They can be Prospected from Copper Ore and Tin Ore with Jewelcrafting.
339	They can be Prospected from Tin Ore with Jewelcrafting.
340	They can be Prospected from Tin Ore, Iron Ore, and Mithril Ore with Jewelcrafting.
341	They can be Prospected from Iron Ore, Mithril Ore, and Thorium Ore with Jewelcrafting.
342	They can be Prospected from Mithril Ore, and Thorium Ore with Jewelcrafting.
343	They can be Prospected from Thorium Ore, Fel Iron Ore, and Adamantite Ore with Jewelcrafting.
344	You can cut any low level gem for points.
345	You can cut Flame Spessarite, Blood Garnet, Deep Peridot, and Azure Moonstone for points.
346	You can cut Flame Spessarite, Shadow Draenite, and Golden Draenite for points.
347	They can also be Prospected from Adamantite Ore with Jewelcrafting.
348	These are created by Alchemists and required to be present in your inventory to transmute Mercurial Adamantite.
349	Crafting one requires 1 Primal Earth, 1 Primal Life, and 1 Primal Water.
350	Have an Alchemist craft one for you or purchase one from the auction house.
351	Each additional Delicate Copper Wire requires 2 Copper Bars.
352	Each additional Gloom Band requires 2 Shadowgems and 1 Delicate Copper Wire.
353	Save at least 71 of these; you will need them for future steps.
354	Each additional Mithril Filigree requires 2 Mithril Bars.
355	Each additional Solid Stone Statue requires 10 Solid Stone.
356	Each additional Engraved Truesilver Ring requires 1 Truesilver Bars and 2 Mithril Filigrees.
357	Each additional Thorium Setting requires 1 Thorium Bar.
358	Each additional Simple Opal Ring requires 1 Large Opal and 1 Thorium Setting.
359	Each additional Diamond Focus Ring requires 1 Azerothian Diamond and 1 Thorium Setting.
360	From this point, you will have to make what you can find from Designs.
361	Check the auction house for Designs and cut gems for skill points.
362	From this point, it's best to cut Earthstorm and Skyfire Diamonds.
363	Purchase a design based upon your reputation status and what you can use or sell.
364	Insightful Earthstorm Diamond can be purchased from Almaador in Shattrath City if Friendly with The Sha'tar.
365	Bracing Earthstorm Diamond can be purchased from Ythyar in Karazhan if Revered with the Consortium.
366	Powerful Earthstorm Diamond can be purchased from Ythyar in Karazhan if Honored with the Consortium.
367	Swift Skyfire Diamond can be purchased from Paulsta'ats in Nagrand if Honored with the Consortium.
368	Enigmatic Skyfire Diamond can be purchased from Alurmi in the Caverns of Time if Honored with the Keepers of Time.
369	Only Beast enemies will be skinnable.
370	You can also use 20 Light Leather to make 20 Light Armor Kits.
371	Save at least 19 of these; you will need them for future steps.
372	Each additional Light Armor Kit requires 1 Light Leather.
373	Each additional Handstitched Leather Cloak requires 2 Light Leather and 1 Coarse Thread.
374	Each additional Embossed Leather Glove requires 3 Light Leather and 2 Coarse Thread.
375	You bought these in a previous step.
376	Each additional Fine Leather Belt requires 6 Light Leather and 2 Coarse Thread.
377	Each additional Dark Leather Boot requires 4 Medium Leather, 2 Fine Thread, and 1 Gray Dye.
378	Each additional Dark Leather Pant requires 12 Medium Leather, 1 Fine Thread, and 1 Gray Dye.
379	Each additional Heavy Leather requires 5 Medium Leather.
380	Each additional Cured Heavy Hide requires 1 Heavy Hide and 3 Salt.
381	Each additional Heavy Armor Kit requires 5 Heavy Leather and 1 Fine Thread.
382	You must be at least this level before you can learn the next rank of this profession.
383	Each additional Nightscape Headband requires 5 Thick Leather and 2 Silken Thread.
384	Each additional Nightscape Boot requires 16 Thick Leather and 2 Silken Thread.
385	Each additional Wicked Leather Bracer requires 8 Rugged Leather, 1 Black Dye, and 1 Rune Thread.
386	You can also make Wicked Leather Belts to 325.
387	Each Wicked Leather Belt requires 14 Rugged Leather, 2 Black Dye, and 2 Rune Thread.
388	Each additional Knothide Armor Kit requires 4 Knothide Leather.
389	Save at least 167 of these; you will need them for future steps.
390	Each additional Heavy Knothide Leather requires 5 Knothide Leather.
391	Each additional Thick Draenic Vest requires 14 Knothide Leather and 3 Rune Thread.
392	Each additional Heavy Knothide Armor Kit requires 3 Heavy Knothide Leather.
393	Each additional Drums of Battle requires 6 Heavy Knothide Leather and 4 Thick Clefthoof Leather.
394	Inside the Caverns of Time.
395	Each additional Drums of Panic requires 6 Heavy Knothide Leather and 4 Fel Hide.
396	You must be at least level 16 before you can learn Lockpicking.
397	You are able to gain 5 levels of Lockpicking for each level your character gains.
398	You need to be at least level 20 to reach level 100 Lockpicking in a few steps.
399	Save the Thieves' Tools you get as a reward.
400	You must keep Thieves' Tools in your bags to be able to pick locks.
401	You need to be at least level 30 to reach level 150 Lockpicking in a few steps.
402	They look like small yellow and brown wooden chests on the ground around this area.
403	You need to be at least level 40 to reach level 200 Lockpicking in a few steps.
404	They look like small wooden chests upstairs inside the building.
405	They look like small wooden chests downstairs inside the building.
406	You need to be at least level 50 to reach level 250 Lockpicking in a few steps.
407	They look like small wooden chests on the ground around this area inside the cave, in the lower section.
408	You can also try to pickpocket enemies around this area to get Sturdy Junkboxes to unlock.
409	They look like small wooden chests on the ground around this area inside the cave, in the upper section.
410	You need to be at least level 60 to reach level 300 Lockpicking in a few steps.
411	The waypoint arrow will stop working after you enter the doors.
412	Once you enter through the huge doors, take the first left you come to.
413	Walk up onto the large chain and follow it to the island in the middle of the lava.
414	Run down the stairs and follow the path to another large chain.
415	Walk across the large chain and follow the path into the Grinding Quarry.
416	Once in the Grinding Quarry, follow the path northwest through the tunnel to find the dungeon portal entrance.
417	Pick the following locks inside the dungon.
418	You can also pickpocket enemies inside the dungeon to get Strong Junkboxes and Heavy Junkboxes to unlock.
419	Lock #1: Once inside the dungeon, immediately turn left, pick the locked door and walk through it.
420	Lock #2: Up ahead, on the right, pick the locked door and walk through it.
421	Lock #3: Up ahead, on the left, pick the locked door and walk through it.
422	Lock #4: Straight ahead, under the huge gear, pick the Shadowforge Lock.
423	After you pick these 4 locks, leave the dungeon the way you came.
424	Outside the dungeon portal, right-click your player portrait.
425	Select "Reset all instances" and re-enter the dungeon to repeat this process.
426	You must have a Mining Pick in your bags to be able to gather ore.
427	Click ore as you follow the path around this area.
428	You can smelt Copper Ore from skill level 1-47 for additional points.
429	You can smelt Bronze Bars with leftover Tin and Copper Bars from skill level 65-90 for additional points.
430	You can smelt Silver Ore from skill level 75-112 for additional points.
431	You can smelt Iron Ore from skill level 125-135 for additional points.
432	You can smelt Gold Ore from skill level 155-184 for additional points.
433	They look like gray rocks with large white crystals along the path.
434	You must have a Skinning Knife in your bags to be able to skin enemies.
435	You must be at least level 10 to become a Journeyman in a profession.
436	The spiders won't be skinnable.
437	You can find more through the tunnel.
438	You cannot skin the spiders.
439	You must be at least level 5 to train professions.
440	Farm them from level 28-40 humanoid mobs or purchase them from the auction house.
441	Farm them from Outland humanoid mobs or purchase them from the auction house.
442	Farm them from Dreadfang Spiders in Terokkar Forest or purchase them from the auction house.
443	Save at least 102 of these; you will need them for future steps.
444	Each additional Bolt of Linen Cloth requires 2 Linen Cloth.
445	Each additional Linen Belt requires 1 Bolt of Linen Cloth and 1 Coarse Thread.
446	Save at least 45 of these; you will need them for future steps.
447	Each additional Bolt of Woolen Cloth requires 3 Wool Cloth.
448	Each additional Simple Kilt requires 4 Bolts of Linen Cloth and 1 Fine Thread.
449	Save at least 201 of these; you will need them for future steps.
450	You may need to create a few mor or less of these.
451	Each additional Azure Silk Hood requires 2 Bolts of Silk Cloth, 2 Blue Dye, and 1 Fine Thread.
452	Save at least 100 of these; you will need them for future steps.
453	Each additional Black Mageweave Headband requires 3 Bolts of Mageweave and 2 Heavy Silken Thread.
454	Save at least 247 of these; you will need them for future steps.
455	Each additional Runecloth Belt requires 3 Bolts of Runecloth and 1 Rune Thread.
456	These is a limited supply item that can also be purchased from the auction house.
457	It may take around 30 minutes to respawn.
458	Each additional Runecloth Bag requires 5 Bolts of Runecloth, 2 Rugged Leather, and 1 Rune Thread.
459	Each additional Runecloth Glove requires 4 Bolts of Runecloth, 4 Rugged Leather, and 1 Rune Thread.
460	Save at least 460 of these; you will need them for future steps.
461	You must be standing at the Mana Loom in Shattrath City to craft these.
462	Save at least 90 of these; you will need them for future steps.
463	Each additional Netherweave Tunic requires 8 Bolts of Netherweave and 2 Rune Thread.
464	This pattern requires neutral reputation with the Scryers to purchase.
465	You can complete the "City of Light" quest in Shattrath City and choose Allegiance to the Scryers to join them.
466	You can also have another player with this reputation purchase the pattern for you, or you can purchase it from the auction house.
467	Each additional Imbued Netherweave Tunic requires 6 Bolts of Imbued Netherweave, 2 Netherweb Spider Silk, and 1 Rune Thread.
468	You can only have one Blacksmithing specialization.
469	Additionally, you cannot change your specialization without unlearning the Blacksmithing profession, and leveling it up again.
470	We recommend looking into the different options for Armorsmith and Weaponsmith Blacksmithing before you choose which to pursue, depending on your personal play style and the specific items you want to create.
471	Most of the items you can create with the specializations are BoE, so you could also buy them from the AH or other players, but some of them are BoP and you would need to craft them to use them.
472	If you change specializations, you will still be able to use the items you create.
473	You must be at least this level before you can begin this questline.
474	You must be at least this level with your Blacksmithing profession before you can create some of the item needed in this questline.
475	Use the "Blacksmithing (1-300)" guide to accomplish this.
476	Stand next to the anvil.
477	If you have the Skinning profession, you can gather this.
478	If you have the Mining profession, you can gather most these.
479	You have become a Blacksmithing Armorsmith.
480	You have become a Blacksmithing Weaponsmith.
481	You can continue your specialization by choosing from 3 paths:
482	Master Axesmith
483	Master Hammersmith
484	Master Swordsmith
485	Search the guide menu for the title above to find the questline guide associated with it.
486	You must become a Weaponsmith before you can begin this questline.
487	Use the "Weaponsmith Questline" guide to accomplish this.
488	You must be at least this level with your Blacksmithing profession before you can begin this questline.
489	She is a boss inside the Lower Blackrock Spire dungeon.
490	Use the "Lower Blackrock Spire" dungeon guide to accomplish this.
491	You must be at least this level with your Blacksmithing profession before you can learn the plans in the next step.
492	You have become a Master Axesmith.
493	He is a boss inside the Main Gate section of the Stratholme dungeon.
494	Use the "Stratholme" dungeon guide to accomplish this.
495	You have become a Master Hammersmith.
496	He is a boss inside the Service Gate section of the Stratholme dungeon.
497	You have become a Master Swordsmith.
498	You MUST fully complete the questline for either Armorsmith or Weaponsmith before you can switch specializations.
499	Press "K" to open your Skills tab.
500	You must completely unlearn the Blacksmithing profession to be able to switch your specialization.
501	You must be at least level 30 to be able to start the questlines to choose an Blacksmithing specialization.
502	You must be at least level 200 Blacksmithing to be able to start the questlines to choose an Blacksmithing specialization.
503	Choose the dialogue option that matches what you want to do.
504	You cannot specialize in both Gnomish and Goblin Engineering.
505	Additionally, you cannot change your specialization without unlearning the Engineering profession, and leveling it up again.
506	We recommend looking into the differences between Gnomish and Goblin Engineering before you choose which to pursue, depending on your personal play style and the specific items you want to create.
507	You can create some of the most desirable Bind On Pickup trinkets for a specialization, unlearn Engineering to level it up again to learn the other specialization.
508	If you change specializations, you will still be able to use the items you create, unless they specifically require Gnomish Engineering to use it.
509	You must be at least level 200 with your Engineering profession before you can begin this questline.
510	Use the "Engineering (1-300)" guide to accomplish this.
511	If he doesn't have it for sale, check the Auction House.
512	This schematic will give you 3 of these.
513	You have earned your Gnome Engineer Membership Card.
514	This card allows you to learn Gnomish Engineering schematics from Tinkmaster Overspark.
515	This item will last for 14 days of in-game play time.
516	The time will not count down when you are logged out, so it will last a long time.
517	You can only learn Gnomish Engineering schematics while you have this item in your bags.
518	When the time runs out, you can renew the card, if you need to.
519	Use the "Gnomish Engineering Card Renewal" guide to renew the card.
520	You must have the Gnomish Engineering specialization to be able to complete this quest.
521	This quest requires 2 gold to complete.
522	This will keep your Gnome Engineer Membership Card active for another 14 days of played time.
523	You will receive one of these in your mailbo 24 hours after renewing your membership card.
524	You can destroy and renew your membership card repeatedly, if you want more of them to open.
525	You don't need to wait for the card to expire on its own.
526	These will contain some Engineer crafting supplies.
527	The rare schematic for the "Lil' Smoky" pet also has a chance to be inside.
528	If you change specializations, you will still be able to use the items you create, unless they specifically require Goblin Engineering to use it.
529	This schematic will give you 5 of these.
530	This schematic will give you 2 of these.
531	You have earned your Goblin Engineer Membership Card.
532	This card allows you to learn Goblin Engineering schematics from Nixx Sprocketspring.
533	You can only learn Goblin Engineering schematics while you have this item in your bags.
534	Use the "Goblin Engineering Card Renewal" guide to renew the card.
535	You must have the Goblin Engineering specialization to be able to complete this quest.
536	This will keep your Goblin Engineer Membership Card active for another 14 days of played time.
537	The rare schematic for the "Pet Bombling" pet also has a chance to be inside.
538	You MUST fully complete the questline for either Gnomish Engineering or Goblin engineering before you can switch specializations.
539	You must have obtained either the Gnome Engineer Membership Card or Goblin Engineer Membership Card, or it won't let you switch.
540	You must completely unlearn the Engineering profession to be able to switch your specialization.
541	You must be at least level 30 to be able to start the questlines to choose an Engineering specialization.
542	You must be at least level 200 Engineering to be able to start the questlines to choose an Engineering specialization.
543	You can only have one Leatherworking specialization.
544	Additionally, you cannot change your specialization without unlearning the Leatherworking profession, and leveling it up again.
545	We recommend looking into the different options for Dragonscale, Elemental, and Tribal Leatherworking before you choose which to pursue, depending on your personal play style and the specific items you want to create.
546	You must be at least this level with your Leatherworking profession before you can begin this questline.
547	Use the "Leatherworking (1-300)" guide to accomplish this.
548	You can also purchase this from the Auction House, if you don't want to grind for it.
549	If you have the Skinning profession, you can gather these.
550	These are skinned from Dragonkin enemies and bosses inside the Temple of Atal'Hakkar (Sunken Temple) dungeon.
551	You have become a Dragonscale Leatherworker.
552	You have become an Elemental Leatherworker.
553	You must be at least this level with your Leatherworking profession before you can creature some of the patterns needed for this questline.
554	You have become a Tribal Leatherworker.
555	Starter launcher for Alliance Mining 1-65 by race starting zone.
556	Choose your Alliance 1-65 starter route:
557	Elwynn Forest (Human)
558	Dun Morogh (Dwarf/Gnome)
559	Darkshore (Night Elf)
560	Skip to Mining 65-125 zone selection
561	Back to Professions landing page
562	Mining 1-65 starter segment for Elwynn Forest (Alliance/Human).
563	Train Mining and buy a Mining Pick.
564	Cave nodes at 61,53 and 41,80 can be dangerous at low level.
565	Continue with Mining 65-125 zone selection.
566	Mining 1-65 starter segment for Dun Morogh (Alliance/Dwarf/Gnome).
567	Dun Morogh loop 1 (East route).
568	Cave node at 70,56 can be dangerous at low level.
569	Dun Morogh loop 2 (West route).
570	Cave node at 25,50 can be dangerous at low level.
571	Mining 1-65 starter segment for Darkshore (Alliance/Night Elf).
572	Start at Auberdine (38,44), then run this loop:
573	Full in-view selector for Alliance mining routes.
574	Choose an Alliance mining range:
575	Mining 1-65
576	Mining 65-125
577	Mining 125-175
578	Mining 175-245
579	Mining 245-275
580	Mining 275-300
581	Mining 300-325
582	Mining 325-350
583	Mining 350-400
584	Choose an Alliance 1-65 route:
585	Starter hub
586	Elwynn Forest
587	Dun Morogh
588	Darkshore
589	Back to range list
590	Choose a 65-125 route:
591	Zone hub
592	Hillsbrad Foothills
593	Redridge Mountains
594	Ashenvale
595	The Barrens
596	Choose a 125-175 route:
597	Arathi Highlands (Alliance)
598	Thousand Needles
599	Choose a 175-245 route:
600	The Hinterlands
601	Choose a 245-275 route:
602	Blasted Lands (Alliance)
603	Felwood
604	Choose a 275-300 route:
605	Eastern Plaguelands
606	Winterspring
607	Burning Steppes
608	Choose a 300-325 route:
609	Hellfire Peninsula (Route 1)
610	Hellfire Peninsula (Route 2)
611	Choose a 325-350 route:
612	Zangarmarsh
613	Terokkar Forest (Flying)
614	Terokkar Forest (Flightless)
615	Choose a 350-400 route:
616	Borean Tundra
617	Howling Fjord
618	Borean Tundra (Flightless)
619	Howling Fjord (Flightless)
620	Mine Iron, Tin, and Gold in Arathi Highlands to 175 (Alliance variant).
621	This route is incomplete, untested, or placeholder and may contain errors.
622	Requires Mining 125. Train Expert here if needed.
623	Skip the caves if low level.
624	Caves located at: 34.6,43.9; 53.8,77.1; 69.2,74.8; 81.1,35.4
625	Start from Refuge Pointe at: 49.1,51.1; 53.3,36.7
626	Alliance detour near Hammerfall: 71.2,48.6; 65.6,27.4
627	Continue with Mining 175-245 zone selection.
628	Mine Mithril, Truesilver, and Thorium in Blasted Lands to 275 (Alliance variant).
629	Requires Mining 245. Train Artisan here if needed.
630	Two caves on this route have many mobs. Recommended for level 60 players with good gear, or Druids/Rogues with stealth. Alliance players cannot mine inside the Garrison Armory mine.
631	Continue with Mining 275-300 zone selection.
632	Track them on your minimap with "Find Herbs".
633	Briarthorn can share a spawn with other herbs in the area, so pick them all.
634	You will need level 70 Herbalism to collect these.
635	You will need level 100 Herbalism to collect these.
636	You will need level 50 Herbalism to collect these.
637	They are underwater along the path.
638	Bring Water Walking Potions.
639	You will need level 85 Herbalism to collect these.
640	You will need level 150 Herbalism to collect these.
641	You will need level 125 Herbalism to collect these.
642	You will need level 170 Herbalism to collect these.
643	You will need level 115 Herbalism to collect these.
644	You will need level 230 Herbalism to collect these.
645	You will need level 220 Herbalism to collect these.
646	You will need level 235 Herbalism to collect these.
647	You will need level 260 Herbalism to collect these.
648	You will need level 280 Herbalism to collect these.
649	Track them on your minimap with "Find Minerals".
650	You will need level 245 Mining to collect these.
651	You can disenchant old gear or buy some off the Auction House.
652	They are found all along the coastline.
653	They are inside of the Small Barnacled Clams.
654	You can find more further down the coast.
655	Thunderheads will not drop this item.
656	They spawn all along the coast, so you can move down to get more.
657	They are underwater along this path.
658	They look like large shells underwater around this area.
659	Elixirs of Water Breathing are very helpful while farming these.
660	Only Plague Ravagers and Blighted Surges will drop this item.
661	Rotting Behemoths and Decaying Horrors can drop Heart of the Wild.
662	The enemies share spawn points, so killing the oozes will spawn more elemental enemies.
663	You may sometimes get Small Glimmering Shards instead of Strange Dust.
664	You may sometimes get Strange Dust instead of Lesser Magic Essence.
665	You may sometimes get Strange Dust instead of Greater Magic Essence.
666	You can turn 3 Lesser Magic Essences into a Greater Magic Essence.
667	You may sometimes get Dream Dust instead of Lesser Eternal Essence.
668	You may sometimes get Illusion Dust instead of Greater Eternal Essence.
669	You can turn 3 Lesser Eternal Essences into a Greater Eternal Essence.
670	You may sometimes get Dream Dust instead of Small Brilliant Shards.
671	You may very rarely get Nexus Crystals instead of Large Brilliant Shards.
672	You may sometimes get Greater Eternal Essence instead of Illusion Dust.
673	Skin their corpses.
674	You will need level 155 Skinning to collect these.
675	Be sure to enter the mine as well.
676	You can find more inside the building.
677	A Fishing Pole can be purchased near most Fishing profession trainers.
678	Fish in the water.
679	You must have a Fishing Pole equipped to fish.
680	Follow the river north for more schools.
681	You will need level 100 Fishing to catch these.
682	You will need level 130 Fishing to catch these.
683	You will need level 205 Fishing to catch these.
684	This fish can only be caught during the day; they cannot be caught between midnight and 6 AM server time.
685	Watch out for horde guards along the main road.
686	They spawn in this small area.
687	They have a 10% chance to be gathered from Purple Lotus around the Altar.
688	They spawn inside of the cave along this path as well as outside of it.
689	These are extremely rare.
690	Pick other herbs on the path to have a chance to spawn them.
691	You will need level 230 Mining to collect these.
692	You will need level 205 Skinning to collect these.
693	Only beast enemies will be skinnable.
694	You will need level 185 Skinning to collect these.
695	You will need level 250 Skinning to collect these.
696	You will need level 275 Skinning to collect these.
697	These are a rare drop from Tin and Silver Ore nodes.
698	These are a rare spawn.
699	However, they can be found more consistently inside the Blackrock Depths dungeon and Molten Core raid.
700	These are level 60-61 Elite enemies.
701	You must be attuned to enter the raid.
702	You will need level 170 Skinning to collect these.
703	You will need level 70 Skinning to collect these.
704	They walk in packs around this area.
705	Thunderheads and Stormhides won't drop this item.
706	You will need level 100 Skinning to collect these.
707	You will need level 115 Skinning to collect these.
708	You will need level 210 Skinning to collect these.
709	You will need level 245 Skinning to collect these.
710	You will need level 215 Skinning to collect these.
711	These are level 54-56 Elite enemies.
712	It is recommended you clear the area of other enemies before fighting the Devilsaur.
713	You will need level 270 Skinning to collect these.
714	Any Scalebane, Wyrmkin, Green or Dragonkin enemy.
715	Any Draconic or Blue enemy.
716	These are level 50-54 Elite enemies.
717	Most of the enemies around this area are Elite.
718	You will need level 260 Skinning to collect these.
719	They are trash mobs found throughout the raid and the second raid boss.
720	Level 61's require 305 Skinning, level 62's require 310 Skinning, and bosses require 315 Skinning.
721	Skin its corpse.
722	You will need level 315 Skinning to collect these.
723	These are level 57-62 Elite enemies.
724	You will need level 300 Skinning to collect these.
725	Level 61's require 305 Skinning and level 62's require 310 Skinning.
726	It only takes 2 Felcloth to make a Mooncloth, but it requires a rare Tailoring pattern and has a 4 day cooldown.
727	This spell has a 4 day cooldown.
728	You can find more inside the nearby crypt buildings.
729	You will need to join and form a group for this.
730	It will be to the left of the rat gate.
731	All Crimson enemies in The Scarlet Bastion have a chance to drop the orb.
732	Scholomance Necromancers and Scholomance Dark Summoners are the only enemies besides bosses that will drop them.
733	It will be up the ramp past the broken trap.
734	Once up the first ramp, it will be in the far northwest corner of the room.
735	Only one person will be able to loot it.
736	They are found all around the zone.
